DROP DATABASE IF EXISTS KBS;
CREATE DATABASE KBS CHARACTER SET utf8mb4 COLLATE utf8mb4_unicode_ci;
USE KBS;


CREATE TABLE std_weight_height(
    gender SMALLINT,
    age SMALLINT,
    below_2sd_weight float,
    mean_weight float,
    above_2sd_weight float,
    below_2sd_height float,
    mean_height float,
    above_2sd_height float
);

CREATE TABLE fact(
	id_fact varchar(10) PRIMARY KEY,
    content text
);

CREATE TABLE rule(
	id_rule varchar(10) PRIMARY KEY,
    type SMALLINT
);

CREATE TABLE inference(
	id_inference INT PRIMARY KEY AUTO_INCREMENT,
    id_antecedent_fact varchar(10),
    id_consequent_fact varchar(10),
    id_rule varchar(10),
    FOREIGN KEY (id_antecedent_fact) REFERENCES fact(id_fact),
    FOREIGN KEY (id_consequent_fact) REFERENCES fact(id_fact)
);

INSERT INTO std_weight_height
VALUES
(1, 0, 2.5, 3.3, 4.4, 46.1, 49.9, 53.7),
(1, 1, 3.4, 4.5, 5.8, 50.8, 54.7, 58.6),
(1, 2, 4.3, 5.6, 7.1, 54.4, 58.4, 62.4),
(1, 3, 5, 6.4, 8, 57.3, 61.4, 65.5),
(1, 4, 5.6, 7, 8.7, 59.7, 63.9, 68),
(1, 5, 6, 7.5, 9.3, 61.7, 65.9, 70.1),
(1, 6, 6.4, 7.9, 9.8, 63.3, 67.6, 71.9),
(1, 7, 6.7, 8.3, 10.3, 64.8, 69.2, 73.5),
(1, 8, 6.9, 8.6, 10.7, 66.2, 70.6, 75),
(1, 9, 7.1, 8.9, 11, 67.5, 72, 76.5),
(1, 10, 7.4, 9.2, 11.4, 68.7, 73.3, 77.9),
(1, 11, 7.6, 9.4, 11.7, 69.9, 74.5, 79.2),
(1, 12, 7.7, 9.6, 12.0, 71.0, 75.7, 80.5),
(1, 13, 7.9, 9.9, 12.3, 72.1, 76.9, 81.8),
(1, 14, 8.1, 10.1, 12.6, 73.1, 78.0, 83.0),
(1, 15, 8.3, 10.3, 12.8, 74.1, 79.1, 84.2),
(1, 16, 8.4, 10.5, 13.1, 75.0, 80.2, 85.4),
(1, 17, 8.6, 10.7, 13.4, 76.0, 81.2, 86.5),
(1, 18, 8.8, 10.9, 13.7, 76.9, 82.3, 87.7),
(1, 19, 8.9, 11.1, 13.9, 77.7, 83.2, 88.8),
(1, 20, 9.1, 11.3, 14.2, 78.6, 84.2, 89.8),
(1, 21, 9.2, 11.5, 14.5, 79.4, 85.1, 90.9),
(1, 22, 9.4, 11.8, 14.7, 80.2, 86.0, 91.9),
(1, 23, 9.5, 12.0, 15.0, 81.0, 86.9, 92.9),
(1, 24, 9.7, 12.2, 15.3, 81.0, 87.1, 93.2),
(0, 0, 2.4, 3.2, 4.2, 45.4, 49.1, 52.9),
(0, 1, 3.2, 4.2, 5.5, 49.8, 53.7, 57.6),
(0, 2, 3.9, 5.1, 6.6, 53.0, 57.1, 61.1),
(0, 3, 4.5, 5.8, 7.5, 55.6, 59.8, 64.0),
(0, 4, 5.0, 6.4, 8.2, 57.8, 62.1, 66.4),
(0, 5, 5.4, 6.9, 8.8, 59.6, 64, 68.5),
(0, 6, 5.7, 7.3, 9.3, 61.2, 65.7, 70.3),
(0, 7, 6.0, 7.6, 9.8, 62.7, 67.3, 71.9),
(0, 8, 6.3, 7.9, 10.2, 64.0, 68.8, 73.5),
(0, 9, 6.5, 8.2, 10.5, 65.3, 70.1, 75.0),
(0, 10, 6.7, 8.5, 10.9, 66.5, 71.5, 76.4),
(0, 11, 6.9, 8.7, 11.2, 67.7, 72.8, 77.8),
(0, 12, 7.0, 8.9, 11.5, 68.9, 74.0, 79.2),
(0, 13, 7.2, 9.2, 11.8, 70.0, 75.2, 80.5),
(0, 14, 7.4, 9.4, 12.1, 71.0, 76.4, 81.7),
(0, 16, 7.7, 9.8, 12.6, 73.0, 78.6, 84.2),
(0, 17, 7.9, 10.0, 12.9, 74.0, 79.7, 85.4),
(0, 18, 8.1, 10.2, 13.2, 74.9, 80.7, 86.5),
(0, 19, 8.2, 10.4, 13.5, 75.8, 81.7, 87.6),
(0, 20, 8.4, 10.6, 13.7, 76.7, 82.7, 88.7),
(0, 21, 8.6, 10.9, 14.0, 77.5, 83.7, 89.8),
(0, 22, 8.7, 11.1, 14.3, 78.4, 84.6, 90.8),
(0, 23, 8.9, 11.3, 14.6, 79.2, 85.5, 91.9),
(0, 24, 9.0, 11.5, 14.8, 80.0, 86.4, 92.9);

INSERT INTO fact 
VALUES
('P1', 'Giai đoạn 0 - 1 tháng'),
('P2', 'Giai đoạn 1 - 2 tháng'),
('P3', 'Giai đoạn 2 - 4 tháng'),
('P4', 'Giai đoạn 4 - 6 tháng'),
('P5', 'Giai đoạn 6 - 7 tháng'),
('P6', 'Giai đoạn 7 - 9 tháng'),
('P7', 'Giai đoạn 9 - 12 tháng'),
('P8', 'Giai đoạn 12 - 24 tháng'),
('ST1', 'Suy dinh dưỡng thể nhẹ cân'),
('ST2', 'Suy dinh dưỡng thể thấp còi'),
('ST3', 'Suy dinh dưỡng thể gầy còm'),
('ST4', 'Thừa cân, béo phì'),
('ST5', 'Cân nặng chiều cao bình thường'),
('SY1', 'Trẻ bị chậm phát triển về trí tuệ, nhận thức bị suy giảm'),
('SY2', 'Trẻ có sức khoẻ yếu, kém vận động'),
('SY3', 'Trẻ sụt cân rõ rệt, các cơ co lại, xương nhô ra.'),
('SY4', 'Trẻ không tăng cân trong thời gian gần đây'),
('SY5', 'Da trở nên mỏng, khô, không đàn hồi'),
('SY6', 'Da trẻ xanh xao, mềm nhũn'),
('SY7', 'Da trẻ xuất hiện các vết bầm tím, đặc biệt xung quanh đầu và mặt'),
('SY8', 'Da trẻ xanh xao nhất là ở lòng bàn tay, bàn chân;'),
('SY9', 'Tóc khô và dễ rụng, móng tay trẻ giòn, dễ gãy'),
('SY10', 'niêm mạc nhợt nhạt, lưỡi nhợt, nhẵn do mất hoặc mòn gai lưỡi'),
('SY11', 'Trẻ mệt mỏi, chậm chạp, ít tập trung, ít đùa nghịch'),
('SY12', 'Trẻ hay cáu gắt, khóc thét, khó dỗ nín'),
('SY13', 'Trẻ hay buồn ngủ'),
('SY14', 'Trẻ khó ngủ và thức giấc nhiều lần, trẻ có thể hay bị giật mình khi ngủ'),
('SY15', 'Trẻ có triệu chứng hoa mắt, chóng mặt.'),
('SY16', 'Trẻ chán ăn, biếng ăn'),
('SY17', 'Trẻ bị táo bón'),
('SY18', 'Trẻ bị rối loạn tiêu hóa nói chung'),
('SY19', 'Các bệnh nhiễm trùng tái diễn ở đường hô hấp (viêm mũi họng, viêm phế quản tái đi tái lại), viêm đường tiêu hóa, mụn bỏng, mụn mủ, viêm niêm mạc.'),
('SY20', 'Trẻ thường ra mồ hôi trộm vào ban đêm dù trời không nóng'),
('SY21', 'Trẻ mọc răng chậm, răng mọc không cân đối.'),
('SY22', 'Trẻ bị đầu bẹt, xương sọ mềm, khi ấn vào bị lõm và trở lại bình thường nếu nhấc tay ra.'),
('SY23', 'Phần thóp trên đầu trẻ sưng to, sờ vào thấy căng cứng'),
('SY24', 'Trẻ bị vẹo cột sống và chân vòng kiềng, biến dạng xương'),
('SY25', 'Màng tiếp hợp khô, không bóng ướt như bình thường, kết mạc dày lên có nếp nhăn đổi màu xám nhạt, vàng nhạt hoặc nâu sẫm'),
('SY26', 'Trẻ bị quáng gà, khi chập choạng tối trẻ thường không nhìn thấy, trẻ hãy vấp ngã, lần mò theo tường, không nhận biết được người quen,..'),
('SY27', 'Giác mạc bị khô mất bóng sáng, giác mạc mờ đục như màn sương phủ thường bắt đầu từ phần dưới của giác mạc'),
('SY28', 'Một bên mắt của trẻ bị lác hoặc sụp mi'),
('SY29', 'Trẻ ho, sổ mũi, dễ khàn tiếng và mất tiếng.'),
('SY30', 'thóp căng, lác mắt, giật nhãn cầu, phù nhẹ.'),
('SY31', 'Trẻ bị chảy máu mũi hoặc rốn khó cầm'),
('SY32', 'Phân trong bỉm của trẻ có dính máu đỏ tươi, đỏ sẫm hoặc phân màu đen như nhựa đường, kèm theo có mùi khó chịu'),
('SY33', 'Trẻ bị nôn'),
('SY34', 'Trẻ nôn liên tục, nôn ra máu'),
('SY35', 'Đầy hơi và khó tiêu'),
('SY36', 'Gặp nhiều trở ngại về ngôn ngữ (nói lắp, phát âm không rõ) và trẻ có thể gặp khó khăn trong việc học hỏi và bắt chước hành động của người lớn'),
('SY37', 'Nhạy cảm với thời tiết lạnh: Trẻ dễ cảm thấy lạnh'),
('SY38', 'Cổ họng sưng'),
('SY39', 'Rụng tóc hình vành khăn hay “dấu hiệu chiếu liếm"'),
('SY40', 'Trẻ bị nấc cụt, ọc sữa'),
('SY41', 'Trẻ bị viêm da'),
('SY42', 'Bố mẹ của trẻ có tiền sử béo phì'),
('SY43', 'Mỡ tích tụ nhiều trên cơ thể như cằm, ngực, cánh tay, đùi.'),
('SY44', 'Trẻ thường xuyên cảm thấy đói, thèm ăn, ăn nhiều và lượng thức ăn tiêu thụ trong mỗi bữa ăn ngày càng tăng. Bố mẹ cho trẻ bú hoặc ăn quá nhiều bữa trong ngày'),
('SY45', 'Sau 2 tháng tuổi, trẻ không thể tự ngẩng đầu lên khi bạn bế trẻ từ tư thế nằm ngửa, vẫn cảm thấy cổ trẻ đặc biệt cứng hoặc mềm, trẻ duỗi lưng và cổ một cách quá mức khi được bế trong tay (như thể trẻ đang muốn đẩy bạn ra khỏi chúng)'),
('SY46', 'Sau 2 hoặc 3 tháng tuổi, hai chân cứng lại, bắt chéo hoặc ở tư thế "cây kéo" khi bạn bế chúng ở thân mình.'),
('SY47', 'Trẻ 3 hoặc 4 tháng tuổi, không cầm nắm hoặc với tới đồ chơi, không thể tự nâng và điều khiển đầu.'),
('SY48', 'Trẻ 4 tháng tuổi không thể tự đưa đồ vật lên miệng, không đẩy chân xuống khi chân đặt trên bề mặt vững chắc. Sau 4 tháng, trẻ vẫn có phản xạ Moro (khi ngã ngửa hoặc giật mình, trẻ dạng tay chân ra, vươn cổ, sau đó nhanh chóng co hai tay lại và bắt đầu khóc).'),
('SY49', 'Sau 5, 6 tháng tuổi, trẻ vẫn còn phản xạ cổ duỗi không đối xứng (khi quay đầu sang một bên thì cánh tay bên đó duỗi thẳng, cánh tay còn lại co lên như đang cầm kiếm đấu kiếm).'),
('SY50', 'Trẻ 6 tháng tuổi không thể tự ngồi dù cho có sự giúp đỡ, trẻ chỉ có thể vươn tay bằng một tay trong khi tay kia nắm chặt không lăn lộn theo một trong hai hướng (trở lại trước hoặc trước ra sau).'),
('SY51', 'Trẻ 6 – 7 tháng tuổi chưa thể lật người, không thế giữ thăng bằng khi ngồi dù có sự giúp đỡ của người lớn. Trẻ chưa thể điều khiển hai tay thuần thục theo ý muốn.'),
('SY52', 'Trẻ 8 – 9 tháng tuổi: Trẻ vẫn chưa thể giữ thăng bằng khi ngồi. Chưa thể bò, trườn từ nơi này đến nơi khác'),
('SY53', 'Trẻ 10 – 12 tháng tuổi: trẻ vẫn chưa thể bò, giữ thăng bằng khi đứng vịn vào thành bàn, ghế.'),
('SY54', 'Trẻ sau 1 tuổi, Bao gồm trễ bước đi, trễ tạo thành câu, trễ tạo thành từ ngữ hoặc trễ trong việc thực hiện các hoạt động vận động khác.'),
('SY55', 'Do người mẹ lúc mang thai bị cúm, hoặc dinh dưỡng không tốt'),
('SY56', 'Lúc sinh ra bị ngạt, sinh non, thiếu cân. Hoặc trong quá trình sinh gặp tai biến sản khoa: trẻ phải dùng các can thiệp sản khoa như móc xép... rất dễ gây ra biến chứng về vận động'),
('SY57', 'Trẻ mắc bệnh Down từ khi mới sinh ra'),
('SY58', 'Trẻ mắc bệnh bại não từ khi mới sinh ra'),
('SY59', 'Trẻ mắc bệnh tự kỷ từ khi mới sinh ra'),
('RS1', 'Thiếu đạm'),
('RS2', 'Thiếu sắt'),
('RS3', 'Thiếu kẽm'),
('RS4', 'Thiếu vitamin D'),
('RS5', 'Thiếu vitamin A'),
('RS6', 'Thiếu vitamin B'),
('RS7', 'Thiếu vitamin K'),
('RS8', 'Thiếu chất xơ'),
('RS9', 'Thiếu chất béo'),
('RS10', 'Thiếu iốt'),
('RS11', 'Thiếu canxi'),
('RS12', 'Chế độ ăn không đảm bảo'),
('RS13', 'Di truyền'),
('RS14', 'Chậm phát triển vận động'),
('A1', 'Giai đoạn 0 - 1 tháng, Trẻ có thể bú sữa công thức có bổ sung chất sắt nếu trẻ không thể bú mẹ hoàn toàn. Cứ 2 đến 3 tiếng thì nên cho trẻ bú một lần. Trẻ bú ít hơn 473 ml sữa một ngày cần được bổ sung thêm vitamin D.'),
('A2', 'Giai đoạn 1 - 2 tháng, Hầu hết trẻ 1 tháng tuổi bú mỗi 2 đến 3 tiếng suốt cả ngày lẫn đêm. Những trẻ bú ít hơn 480 ml sữa mỗi ngày cần bổ sung thêm vitamin D.'),
('A3', 'Giai đoạn 2 - 4 tháng, Hầu hết trẻ 2 tháng tuổi bú mỗi 3 đến 4 tiếng trong ngày. Nếu trẻ uống ít hơn 500ml sữa mỗi ngày có thể cần bổ sung thêm vitamin D.'),
('A4', 'Giai đoạn 4 - 6 tháng, Hầu hết trẻ 4 tháng tuổi bú mỗi 4 - 5 giờ mỗi ngày. Nếu trẻ uống ít hơn 480ml sữa công thức mỗi ngày đều cần được bổ sung thêm vitamin D.'),
('A5', 'Trẻ 6 tháng tuổi, Trẻ uống 720 – 960ml sữa mẹ hoặc sữa công thức một ngày chia làm 8 – 10 cữ, Bữa chính: ăn bột ngọt: bột gạo, bột lúa mì, bột từ củ: khoai tây, khoai lang, khoai mỡ pha với sữa để bé quen khẩu vị dần. Bột loãng, chỉ đặc hơn sữa một chút Mỗi ngày ăn 2 bữa vào khung thời gian cố định, mỗi bữa chỉ 2 – 3 muỗm cà phê từ từ tăng dần. Trong sữa mẹ đã cung cấp đủ nước cho trẻ nên trẻ không cần uống nước.'),
('A6', 'Trẻ 7 – 8 tháng tuổi, Trẻ uống 720 – 960ml sữa mẹ hoặc sữa công thức mỗi ngày chia làm 8 – 10 cữ Bữa chính: ăn các loại bột với thịt, rau say nhuyễn. Mỗi ngày 2 – 3 bữa vào khung thời gian cố định, mỗi bữa khoảng 100 – 120ml thức ăn, từ từ tăng dần Bữa phụ: 1 – 2 bữa, gồm các loại trái cây mềm: chuối, xoài… Có thể mua các loại bánh ăn dặm dành riêng cho trẻ. Có thể cho trẻ tập uống nước sau mỗi bữa ăn dặm, mỗi lần 2 – 3 thìa cà phê'),
('A7', 'Trẻ 9 – 12 tháng tuổi, Trẻ uống 500 – 600 ml sữa mẹ hoặc sữa công thức mỗi ngày, chia làm 4 – 5 cữ. Bữa chính: trẻ có thể ăn cháo, với đầy đủ 4 nhóm: thịt(90 – 100g/ngày), bột/cháo, rau củ, dầu: 6 – 10ml. Chia làm 3 bữa, mỗi bữa 150 – 200ml thức ăn. Bữa phụ: 1 – 2 bữa, gồm các loại trái cây mềm: chuối, xoài… Có thể mua các loại bánh ăn dặm dành riêng cho trẻ.'),
('A8', 'Trẻ trên 12 tháng tuổi Những trẻ đang bú mẹ nên tiếp tục được cho bú. Bé từ 12 tháng tuổi có thể dừng uống sữa bột và chuyển sang uống sữa tươi nguyên kem. Một ngày bé nên uống 2 - 3 ly (0.47 lít tới 0.70 lít). Nên tập cho trẻ uống tất cả các loại sữa nước hoa quả/thức ăn… bằng ly (cốc) thay vì bằng bình sữa để chống sâu răng. Hạn chế uống các loại nước hoa quả chứa vitamin C quá nhiều, không nên vượt quá 0.11 lít - 0.17 lít/ ngày, và khuyến khích bé uống nước lọc. Dùng thực đơn cân bằng cho bé và khuyến khích bé ăn rau quả. Cho bé ăn 3 bữa chính và 2-3 bữa phụ trong một ngày. Cắt đồ ăn thành miếng nhỏ để bé không bị nghẹn. Đảm bảo cho bé tránh thức ăn có hàm luợng mỡ„ muối„ và đuờng cao. Dần dần giúp bé chuyển thực đơn sang bữa ăn bình thường của gia đình thay vì thức ăn đặc biệt cho trẻ nhỏ. Cho bé ngồi ở ghế ăn cao ngang bàn để tăng giao tiếp của bé trong bữa ăn. Đừng ép bé ăn hết các đồ ăn trong đĩa. Tránh cho bé ăn các loại hạt cứng„ kẹo cứng„ ngô bung„ và kẹo cao su để tránh bị dị vật đường thở do hít sặc khi nuốt. Khuyến khích bé tự ăn bằng thìa và có chén (bát) đĩa riêng. Bé cần đánh răng sau bữa ăn và trước khi đi ngủ. Nếu dùng kem đánh răng cho trẻ thì nên dùng loại không chứa flo (Fluoride). Trong một số trường hợp bác sĩ có thể khuyên bổ sung flo (Fluoride) cho trẻ. Đưa bé đi khám răng và nói chuyện với nha sĩ về sức khỏe răng miệng của bé.'),
('A9', 'Nhu cầu đạm của trẻ ở giai đoạn này thường cao do tốc độ phát triển của xương, mô và cơ. Trẻ em dưới 6 tháng tuổi thì nên được bú sữa mẹ hoàn toàn để được cung cấp đủ đạm giúp trẻ phát triển khỏe mạnh. Mẹ nên cho trẻ bú bất cứ khi nào trẻ thấy đói và ít nhất là 8 lần trong ngày.'),
('A10', 'Đối với trẻ từ 6 tháng tuổi, phụ huynh nên bổ sung vào thực đơn của trẻ protein có giá trị sinh học cao từ 70-85% trong các thực phẩm như trứng, thịt, sữa, các loại hạt…, trẻ cần được bổ sung cả đạm động vật và thực vật, trong đó đạm động vật chiếm khoảng 50-60%. Nhu cầu đạm của trẻ trong giai đoạn 6 - 24 tháng tuổi khoảng 18 - 25g/ngày, tương đương với 80 - 100g thịt hoặc 72 – 85g các loại hạt, đậu đỗ.'),
('A11', 'Trẻ cần được bổ sung thêm sắt 2mg/kg mỗi ngày, tối đa 15mg/ngày/ Lượng sắt này được cung cấp đủ trong sữa công thức. Nếu trẻ bú sữa mẹ hoàn toàn, có thể cho trẻ uống thuốc sắt dạng lỏng, siro cho đến khi trẻ có thể ăn dặm.'),
('A12', 'Trẻ từ 6 tháng tuổi trở đi nên bắt đầu cho trẻ ăn dặm bên cạnh uống sữa mẹ, nên bắt đầu với những thực phẩm giàu sắt. Có thể xem xét bổ sung sắt dạng thực phẩm chức năng như thuốc lỏng 11mg mỗi ngày. Bổ sung sắt dạng này chủ yếu được dùng khi trẻ không thể ăn dặm với thức ăn đặc.'),
('A13', 'phụ nữ có thai nên sử dụng viên sắt mỗi ngày, uống kéo dài tới sau khi sinh một tháng. Liều bổ sung là 60mg sắt mỗi ngày. Ngoài ra cũng nên sử dụng các thực phẩm có tăng cường sắt cho phụ nữ mang thai.'),
('A14', 'Trẻ từ 1 tuổi trở lên không nên uống quá nhiều sữa bò (quá 600ml sữa mỗi ngày), vì đây không phải là nguồn cung cấp sắt cho cơ thể. Hơn nữa, sữa bò có thể ức chế sự hấp thu sắt từ thức ăn khác.\nTăng cường các loại thực phẩm giàu vitamin C (như cam quýt, dâu tây, đu đủ, bông cải xanh…) sẽ góp phần giúp trẻ tăng hấp thu sắt.'),
('A15', 'Trẻ em dưới 3 tháng cần 3mg kẽm mỗi ngày, trẻ từ 5 tháng – 12 tháng tuổi là 5 – 8 mg/ngày, ở trẻ từ 1 tuổi – 2 tuổi cần khoảng 10 – 15 mg/ngày để phát triển chiều cao và thể chất tối ưu nhất.'),
('A16', 'Đối với các trẻ dưới 6 tháng tuổi thì nguồn kẽm tốt nhất và dễ hấp thu nhất đó chính là sữa mẹ. Lúc này hàm lượng kẽm trong sữa mẹ là 2-3mg/ lít, đáp ứng đủ tiêu chuẩn sử dụng. Do đó, mẹ chỉ cần cho bé bú hoàn toàn trong 6 tháng đầu.'),
('A17', 'Trẻ trên 6 tháng tuổi, lượng kẽm trong sữa mẹ giảm dần, cần bổ sung kẽm qua thực phẩm ăn dặm cho trẻ. Để trẻ hấp thụ kẽm tốt nhất, mẹ nên bổ sung vitamin C cho trẻ từ chính các loại trái cây tươi giàu lượng vitamin C sẵn có như cam, chanh, quýt, bưởi…'),
('A18', 'Phụ nữ mang thai cần bổ sung kẽm vào khẩu phần ăn hàng ngày để cung cấp cho thai nhi. Các nhóm thực phẩm giàu kẽm như tôm, cua, thịt, trứng, cá…'),
('A19', 'Nuôi con bằng sữa mẹ cũng là một trong những phương pháp nhằm phòng chống thiếu hụt vitamin D ở trẻ, cho trẻ tắm nắng hàng ngày, mỗi ngày 20 – 30 phút vào buổi sáng là tốt nhất (trước 9 giờ), trường hợp không có điều kiện để tắm nắng như sinh vào mùa đông hoặc nhà ở chật chội... thì phải cho trẻ bổ sung vitamin D từ khi sinh ra sau 1 tuần, thời gian uống đến 2 tuổi, còn khi trẻ đã lớn, chơi được ngoài trời nhiều hơn hoặc không có biểu hiện của bệnh còi xương thì cũng không cần phải uống nữa.'),
('A20', 'Cần bổ sung vitamin D vào khẩu phần ăn của trẻ như sữa, phomat, bánh quy, dầu ăn, các loại ngũ cốc hay bột dinh dưỡng..'),
('A21', 'Khi có thai và cho con bú cần ăn nhiều thức ăn giàu vitamin A, ăn tăng dầu mỡ.Cho trẻ bú sớm, ngay sau đẻ từ 30 phút đến 1 giờ, bú hoàn toàn trong 4 - 6 tháng đầu, bú kéo dài 18 - 24 tháng.\nKhi trẻ bắt đầu ăn dặm, bổ sung các thực phẩm giàu vitamin A: Cà rốt tươi, cà chua, cái bó xôi,...\nCho trẻ uống vitamin A định kỳ hằng năm, mỗi năm 2 lần'),
('A22', 'Đối với trẻ dưới 6 tháng tuổi không bú sữa mẹ, cần bổ sung 50.000 đơn vị vitamin A.'),
('A23', 'Đối với trẻ từ 6-12 tháng tuổi, cần bổ sung 100.000 đơn vị vitamin A'),
('A24', 'Đối với trẻ từ 12 - 24 tháng tuổi, cần bổ sung 200.000 đơn vị vitamin A.'),
('A25', 'Để khắc phục tình trạng thiếu vitamin B1 ở trẻ em, chúng ta cần biết nhu cầu vitamin B1 ở trẻ theo từng độ tuổi, cụ thể:\nTrẻ sơ sinh dưới 6 tháng tuổi: 200 microgram/ngày.\nCách khắc phục thiếu vitamin B1 ở trẻ em theo từng đối tượng cụ thể như sau: Trẻ bú mẹ: Mẹ tăng cường bổ sung các loại thực phẩm giàu vitamin B1 như các loại ngũ cốc nguyên hạt (đậu xanh), các loại hạt (hướng dương, hạt dẻ, ...) hoặc uống thuốc bổ tổng hợp để đảm bảo nhu cầu vitamin B1 của trẻ thông qua sữa mẹ.'),
('A26', 'Để khắc phục tình trạng thiếu vitamin B1 ở trẻ em, chúng ta cần biết nhu cầu vitamin B1 ở trẻ theo từng độ tuổi, cụ thể:\nTrẻ từ 1 - 12 tuổi: 0,7 - 1,2mg/ngày. Cách khắc phục thiếu vitamin B1 ở trẻ em theo từng đối tượng cụ thể như sau: Trẻ ăn dặm: Trẻ đến độ tuổi ăn dặm (thường bắt đầu từ 6 tháng tuổi) cần được tăng cường các loại thực phẩm giàu vitamin B1 như gạo, yến mạch, lúa mì, ngũ cốc nguyên hạt, ... để khắc phục tình trạng thiếu vitamin B1 ở trẻ em. Gạo là loại ngũ cốc giàu dinh dưỡng, tuy nhiên để tránh làm mất lượng vitamin B1 có trong gạo cần chú ý trong cách chế biến. Ngoài ra, vitamin B1 cũng có nhiều trong các loại rau củ quả như rau dền, rau mồng tơi, bí đỏ, cà tím, ... và lòng đỏ trứng, thịt nạc.'),
('A27', 'Để khắc phục tình trạng thiếu vitamin B1 ở trẻ em, chúng ta cần biết nhu cầu vitamin B1 ở trẻ theo từng độ tuổi, cụ thể:\nTrẻ từ 12 tuổi trở lên: 1,3 - 1,5mg/ngày., Cách khắc phục thiếu vitamin B1 ở trẻ em theo từng đối tượng cụ thể như sau: Trẻ lớn: Cho trẻ uống bổ sung viên vitamin B1 10mg mỗi ngày trong 4 - 6 tuần. Trường hợp thiếu vitamin B1 nặng cần phải tiêm thì có thể tiêm tĩnh mạch vitamin B1 100mg.'),
('A28', 'Thiếu vitamin B1 ở trẻ em có thể khiến trẻ mệt mỏi và ảnh hưởng đến sự phát triển về thể chất cũng như tinh thần của trẻ. Do đó, chăm sóc trẻ cần lưu ý các biểu hiện và đảm bảo chế độ dinh dưỡng đầy đủ cho trẻ.'),
('A29', 'Cha mẹ nên xây dựng chế độ ăn uống cân bằng, đa dạng cho trẻ, bao gồm nhiều loại thực phẩm giàu vitamin B. Một số thực phẩm giàu vitamin B bao gồm: ngũ cốc nguyên hạt, thịt, đậu, trứng, sữa, cá, rau xanh đậm, các loại hạt và nấm.'),
('A30', 'Nhu cầu về vitamin K thấp và tăng dần theo tuổi: 0-6 tháng: 4 microgram (μg). Nồng độ vitamin K trong sữa mẹ thấp. Vì vậy ở trẻ sơ sinh chỉ bú mẹ đơn thuần cần được bổ sung vitamin K dự phòng ngay sau sinh với liều 1 mg/kg cân nặng.'),
('A31', 'Nhu cầu về vitamin K thấp và tăng dần theo tuổi: 6 -12 tháng: 7μg'),
('A32', 'Nhu cầu về vitamin K thấp và tăng dần theo tuổi: 1-2 tuổi: 60 μg'),
('A33', 'Một số thực phẩm giàu vitamin K bao gồm:Rau xanh đậm: rau bina, cải xoăn, cải Brussels, bông cải xanh, súp lơ xanh\nTrái cây: bơ, mận, dâu tây, mơ\nCác loại đậu: đậu nành, đậu đen, đậu Hà Lan\nCác loại hạt: hạt hướng dương, hạt bí ngô, hạt óc chó\nSữa và các sản phẩm từ sữa: sữa, phô mai, sữa chua. \nChỉ cần ăn một lượng nhỏ các loại thức ăn trên mỗi ngày là đủ nhu cầu về vitamin K.'),
('A34', 'Nhu cầu chất xơ phụ thuộc vào nhu cầu năng lượng, độ tuổi, giới tính và cân nặng. Thông thường, đối với trẻ em dưới 2 tuổi, không có khuyến nghị nào về tổng lượng chất xơ cần mỗi ngày.'),
('A35', 'Tuy nhiên nếu trẻ có biểu hiện thiếu chất xơ, có nhiều cách để bổ sung chất xơ cho trẻ, bổ sung vào thực đơn ăn dặm, cha mẹ có thể nghiền nhỏ để trẻ dễ dàng tiêu hóa,  bao gồm:\nĂn nhiều trái cây, rau củ: Trái cây và rau củ là nguồn cung cấp chất xơ dồi dào. Một số loại trái cây và rau củ giàu chất xơ bao gồm:\nTrái cây: chuối, táo, lê, cam, bưởi, nho, việt quất, dâu tây\nRau củ: rau bina, bông cải xanh, cải xoăn, cà rốt, bí đỏ, khoai lang\nĂn ngũ cốc nguyên hạt: Ngũ cốc nguyên hạt là nguồn cung cấp chất xơ tốt hơn ngũ cốc tinh chế. Một số loại ngũ cốc nguyên hạt bao gồm:\nNgũ cốc nguyên hạt: gạo lứt, yến mạch, bánh mì nguyên cám, mì ống nguyên cám\nCác loại đậu: đậu nành, đậu đen, đậu Hà Lan\nĂn các loại hạt và hạt: Các loại hạt và hạt là nguồn cung cấp chất xơ tốt. Một số loại hạt và hạt giàu chất xơ bao gồm:\nHạt: hạt hướng dương, hạt bí ngô, hạt óc chó\nCác loại hạt: đậu phộng, hạnh nhân, hạt điều'),
('A36', 'Để phòng ngừa thiếu chất béo, cha mẹ nên xây dựng chế độ ăn uống cân bằng, đa dạng, bổ sung vào thực đơn ăn dặm cho trẻ, bao gồm nhiều loại thực phẩm giàu chất béo. Cách bổ sung tốt nhất để đảm bảo lưu giữ trọn vẹn dưỡng chất có lợi là trộn dầu dinh dưỡng đặc chế cho trẻ vào thức ăn còn nóng (cháo, bột, cơm khi vừa nấu xong) với liều lượng 10ml/ngày (nếu trẻ ăn 2 bữa chính/ngày thì mỗi bữa trộn 1 muỗng café – 5ml).\nNhằm đảm bảo cung cấp đúng và đủ các chất béo cần biết, cha mẹ cần cho trẻ ăn đa dạng thực phẩm như các loại mỡ (mỡ bò, lợn và cừu), thịt, trứng, sữa, đặc biệt là các loại cá béo (cá hồi, cá ngừ, cá trích…) do đây là nguồn cung cấp Omega 3 (EPA và DHA) dồi dào.\nMột số thực phẩm giàu chất béo bao gồm:\nThực phẩm giàu chất béo lành mạnh:\nDầu ô liu\nDầu hạt cải\nDầu hạt hướng dương\nDầu đậu nành\nHạt chia\nHạt lanh\nCác loại hạt: hạt hành nhân, hạt óc chó, quả hồ trăn\nCác loại đậu: đậu nành, đậu đen, đậu Hà Lan\nThực phẩm giàu chất béo bão hòa:\nThịt đỏ\nSữa và các sản phẩm từ sữa\nTrứng'),
('A37', 'Trẻ sơ sinh và trẻ nhỏ dưới 6 tháng tuổi nên được bú mẹ hoàn toàn nhằm nâng cao sức đề kháng và hệ miễn dịch. Điều này không chỉ giúp giảm nguy cơ béo phì ở trẻ mà còn giúp trẻ tránh được một số bệnh lý khác.'),
('A38', 'Trẻ từ 6 tháng – 2 tuổi: Trẻ nên được ăn uống đủ chất và bắt đầu tham gia các hoạt động vận động ngoài trời, tắm nắng đúng cách để bổ sung vitamin D, giảm nguy cơ còi xương.'),
('A39', 'Điều chỉnh chế độ dinh dưỡng: Mẹ cần điều chỉnh chế độ dinh dưỡng của mình và cho bé theo hướng lành mạnh. Đảm bảo cung cấp đủ nhóm chất, ưu tiên rau xanh và hoa quả, đạm, hạn chế chất béo và tinh bột không tốt, dầu mỡ. Nếu bé dùng sữa công thức, hãy ưu tiên sữa tăng cân vừa phải và chọn sữa phù hợp cho giai đoạn phát triển của bé. Tăng cường vận động: Khuyến khích bé vận động bằng cách chơi trò chơi cùng bé, thực hiện các động tác nhẹ nhàng hoặc hỗ trợ bé tập các kỹ năng mới. Điều này giúp bé tiến bộ nhanh hơn và giảm nguy cơ béo phì. Giai đoạn từ 3 tháng đến 1 tuổi là thời điểm bé học được nhiều kỹ năng vận động như lẫy, lật, bò, ngồi. Theo dõi cân nặng và sức khỏe: Ba mẹ nên theo dõi cân nặng của bé thường xuyên nếu bé có nguy cơ hoặc đã bị béo phì. Đồng thời, điều chỉnh chế độ dinh dưỡng, tăng cường vận động và sinh hoạt phù hợp để giúp bé tăng trưởng tốt.'),
('A40', 'Với trẻ từ 0 - 6 tháng tuổi bú mẹ hoàn toàn, mẹ nên ăn nhiều hải sản và dùng muối i ốt hoặc nước mắm có iốt để nguồn dưỡng chất quan trọng này tiết qua sữa bổ sung cho bé. Nhu cầu iốt của trẻ/ngày: Trẻ còn bú từ 0 - 6 tháng cần 40mcg.'),
('A41', 'Với trẻ đã ăn dặm cần bổ sung iốt qua ăn uống hàng ngày. Iốt có nhiều trong hải sản: cá, tôm, cua và có nhiều trong các loại rau như rong, tảo biển, rau câu, rau xanh...\nTrứng và các thực phẩm từ sữa cũng là một nguồn cung cấp iốt khá tốt. Vì vậy, các bà mẹ chú ý thêm vào thực đơn cho bé từ nguồn thức ăn giàu iốt này. Nhu cầu iốt của trẻ/ngày:trẻ còn bú từ 6 - 12 tháng cần 50mcg, trẻ từ 1 - 2 tuổi cần 70mcg.'),
('A42', 'Ở mỗi độ tuổi trẻ sẽ có nhu cầu canxi khác nhau, cụ thể: Đối với trẻ dưới 6 tháng tuổi sẽ cần 300mg canxi/ ngày.'),
('A43', 'Ở mỗi độ tuổi trẻ sẽ có nhu cầu canxi khác nhau, cụ thể: Trẻ từ 6 tháng tới 12 tháng tuổi cần 400mg canxi/ ngày.'),
('A44', 'Ở mỗi độ tuổi trẻ sẽ có nhu cầu canxi khác nhau, cụ thể: Trẻ trong giai đoạn từ 1 đến 2 tuổi cần 500 mg canxi/ngày.'),
('A45', 'Bổ sung canxi cho bé qua đường ăn uống cha mẹ có thể mua các loại thực phẩm như hải sản gồm cá, cua, tôm sò,… hay các loại rau cải xoăn, cần tây, bắp cải, diếp cá để tăng cường sức khỏe cho xương. Trong rau xanh có vitamin K là yếu tố hình thành osteocalcin, osteocalcin giúp tích tụ canxi vào xương.Kết hợp với vitamin DVitamin D và canxi là bộ đôi “ăn ý” không thể tách rời bởi vì vitamin D là chất dẫn truyền giúp cho cơ thể bé hấp thu canxi tốt hơn. Do vậy để trẻ hấp thu tốt nhất lượng canxi vào cơ thể cha mẹ nên bổ sung cả vitamin D cho trẻ. Có thể bổ sung vitamin D bằng cách cho trẻ phơi nắng vào buổi sáng sớm hoặc qua các loại thực phẩm giàu loại vitamin này như sữa, sữa chua, lòng đỏ trứng, cá hồi, dầu gan cá,…'),
('A46', 'Bệnh bại não: Trị liệu vận động (PT): Trẻ có bệnh bại não thường cần tham gia vào trị liệu vận động để cải thiện sự linh hoạt và sức mạnh cơ bắp. Các biện pháp bao gồm các bài tập vận động, đặc biệt là tập thể dục để tăng cường cơ bắp và phát triển kỹ năng vận động.'),
('A47', 'Bệnh tự kỷ (ASD): \nTrị liệu ngôn ngữ và trị liệu vận động: Trị liệu ngôn ngữ và trị liệu vận động có thể giúp trẻ tự kỷ phát triển kỹ năng ngôn ngữ và vận động.\nChương trình giáo dục đặc biệt: Trẻ tự kỷ có thể được hướng dẫn trong các chương trình giáo dục đặc biệt thiết kế để đáp ứng nhu cầu của họ.'),
('A48', 'Bệnh Down: \nTrị liệu vận động (PT) và trị liệu ngôn ngữ (SLT): Trị liệu vận động và trị liệu ngôn ngữ có thể giúp trẻ phát triển kỹ sẽ trẻ phát triển kỹ năng vận động và ngôn ngữ.\nHọc tập theo lịch trình: Trẻ mắc bệnh Down thường học tập tốt hơn khi có lịch trình cố định và hỗ trợ học tập.'),
('A49', 'Nếu trẻ không mắc các hội chứng nào:\nThời gian và kiên nhẫn: Một số trẻ có thể phát triển vận động chậm hơn so với trung bình và có thể cần thời gian để đạt được các cột mốc phát triển. Phụ huynh và người chăm sóc cần kiên nhẫn và không nên áp đặt áp lực quá lớn lên trẻ.\nTạo môi trường vận động thích hợp: Tạo môi trường an toàn cho trẻ để họ có thể thực hiện các hoạt động vận động, như chơi đùa, nắm đồ vật, và tham gia vào hoạt động vận động ngoài trời.\nChăm sóc dinh dưỡng: Đảm bảo rằng trẻ được cung cấp dinh dưỡng cần thiết. Dinh dưỡng có thể ảnh hưởng đến phát triển vận động, vì vậy nên hỏi ý kiến bác sĩ hoặc chuyên gia dinh dưỡng nếu cần.');

INSERT INTO rule
VALUES
('RU1', 0),
('RU2', 0),
('RU3', 0),
('RU4', 0),
('RU5', 0),
('RU6', 0),
('RU7', 0),
('RU8', 0),
('RU9', 0),
('RU10', 0),
('RU11', 0),
('RU12', 0),
('RU13', 0),
('RU14', 0),
('RU15', 0),
('RU16', 0),
('RU17', 0),
('RU18', 0),
('RU19', 0),
('RU20', 0),
('RU21', 0),
('RU22', 0),
('RU23', 0),
('RU24', 0),
('RU25', 0),
('RU26', 0),
('RU27', 0),
('RU28', 0),
('RU29', 0),
('RU30', 0),
('RU31', 0),
('RU32', 0),
('RU33', 0),
('RU34', 0),
('RU35', 0),
('RU36', 0),
('RU37', 0),
('RU38', 0),
('RU39', 1),
('RU40', 1),
('RU41', 1),
('RU42', 1),
('RU43', 1),
('RU44', 1),
('RU45', 1),
('RU46', 1),
('RU47', 1),
('RU48', 1),
('RU49', 1),
('RU50', 1),
('RU51', 1),
('RU52', 1),
('RU53', 1),
('RU54', 1),
('RU55', 1),
('RU56', 1),
('RU57', 1),
('RU58', 1),
('RU59', 1),
('RU60', 1),
('RU61', 1),
('RU62', 1),
('RU63', 1),
('RU64', 1),
('RU65', 1),
('RU66', 1),
('RU67', 1),
('RU68', 1),
('RU69', 1),
('RU70', 1),
('RU71', 1),
('RU72', 1),
('RU73', 1),
('RU74', 1),
('RU75', 1),
('RU76', 1),
('RU77', 1),
('RU78', 1),
('RU79', 1),
('RU80', 1),
('RU81', 1),
('RU82', 1),
('RU83', 1),
('RU84', 1),
('RU85', 1),
('RU86', 1),
('RU87', 1),
('RU88', 1),
('RU89', 1),
('RU90', 1),
('RU91', 1),
('RU92', 1),
('RU93', 1),
('RU94', 1),
('RU95', 1),
('RU96', 1),
('RU97', 1),
('RU98', 1),
('RU99', 1),
('RU100', 1),
('RU101', 1),
('RU102', 1),
('RU103', 1),
('RU104', 1),
('RU105', 1),
('RU106', 1),
('RU107', 1),
('RU108', 1),
('RU109', 1),
('RU110', 1),
('RU111', 1),
('RU112', 1),
('RU113', 1),
('RU114', 1),
('RU115', 1),
('RU116', 1),
('RU117', 1),
('RU118', 1),
('RU119', 1),
('RU120', 1),
('RU121', 1),
('RU122', 1),
('RU123', 1),
('RU124', 1),
('RU125', 1),
('RU126', 1),
('RU127', 1),
('RU128', 1),
('RU129', 1),
('RU130', 1),
('RU131', 1),
('RU132', 1),
('RU133', 1),
('RU134', 1),
('RU135', 1),
('RU136', 1),
('RU137', 1),
('RU138', 1),
('RU139', 1),
('RU140', 1),
('RU141', 1),
('RU142', 1),
('RU143', 1),
('RU144', 1),
('RU145', 1),
('RU146', 1),
('RU147', 1),
('RU148', 1),
('RU149', 1),
('RU150', 1),
('RU151', 1),
('RU152', 1),
('RU153', 1),
('RU154', 1),
('RU155', 1),
('RU156', 1),
('RU157', 1),
('RU158', 1),
('RU159', 1),
('RU160', 1),
('RU161', 1),
('RU162', 1),
('RU163', 1),
('RU164', 1),
('RU165', 1),
('RU166', 1),
('RU167', 1),
('RU168', 1),
('RU169', 1),
('RU170', 1),
('RU171', 1),
('RU172', 1),
('RU173', 1),
('RU174', 1),
('RU175', 1),
('RU176', 1),
('RU177', 1),
('RU178', 1),
('RU179', 1),
('RU180', 1),
('RU181', 1),
('RU182', 1),
('RU183', 1),
('RU184', 1),
('RU185', 1),
('RU186', 1),
('RU187', 1),
('RU188', 1),
('RU189', 1),
('RU190', 1),
('RU191', 1),
('RU192', 1),
('RU193', 1),
('RU194', 1),
('RU195', 1),
('RU196', 1),
('RU197', 1),
('RU198', 1),
('RU199', 1),
('RU200', 1),
('RU201', 1),
('RU202', 1),
('RU203', 1),
('RU204', 1),
('RU205', 1),
('RU206', 1),
('RU207', 1),
('RU208', 1),
('RU209', 1),
('RU210', 1),
('RU211', 1),
('RU212', 1),
('RU213', 1),
('RU214', 1),
('RU215', 1),
('RU216', 1),
('RU217', 1),
('RU218', 1),
('RU219', 1),
('RU220', 1),
('RU221', 1),
('RU222', 1),
('RU223', 1),
('RU224', 1),
('RU225', 1),
('RU226', 1),
('RU227', 1),
('RU228', 1),
('RU229', 1),
('RU230', 1),
('RU231', 1),
('RU232', 1),
('RU233', 1),
('RU234', 1),
('RU235', 1),
('RU236', 1),
('RU237', 1),
('RU238', 1),
('RU239', 1),
('RU240', 1),
('RU241', 1),
('RU242', 1),
('RU243', 1),
('RU244', 1),
('RU245', 1),
('RU246', 1),
('RU247', 1),
('RU248', 1),
('RU249', 1),
('RU250', 1),
('RU251', 1),
('RU252', 1),
('RU253', 1),
('RU254', 1),
('RU255', 1),
('RU256', 1),
('RU257', 1),
('RU258', 1),
('RU259', 1),
('RU260', 1);

INSERT INTO inference(id_antecedent_fact, id_consequent_fact, id_rule)
VALUES
('SY1', 'RS10', 'RU1'),
('SY1', 'RS11', 'RU2'),
('SY2', 'RS4', 'RU3'),
('SY2', 'RS10', 'RU4'),
('SY11', 'RS2', 'RU5'),
('SY11', 'RS9', 'RU6'),
('SY43', 'RS12', 'RU7'),
('SY43', 'RS13', 'RU8'),
('SY5', 'RS5', 'RU9'),
('SY5', 'RS9', 'RU10'),
('SY5', 'RS10', 'RU11'),
('SY6', 'RS2', 'RU12'),
('SY6', 'RS4', 'RU13'),
('SY41', 'RS3', 'RU14'),
('SY13', 'RS2', 'RU15'),
('SY14', 'RS3', 'RU16'),
('SY14', 'RS4', 'RU17'),
('SY14', 'RS11', 'RU18'),
('SY44', 'RS12', 'RU19'),
('SY16', 'RS2', 'RU20'),
('SY16', 'RS3', 'RU21'),
('SY16', 'RS5', 'RU22'),
('SY16', 'RS9', 'RU23'),
('SY16', 'RS10', 'RU24'),
('SY17', 'RS3', 'RU25'),
('SY18', 'RS2', 'RU26'),
('SY18', 'RS5', 'RU27'),
('SY33', 'RS3', 'RU28'),
('SY40', 'RS10', 'RU29'),
('SY19', 'RS3', 'RU30'),
('SY27', 'RS5', 'RU31'),
('SY15', 'RS2', 'RU32'),
('SY24', 'RS4', 'RU33'),
('SY20', 'RS4', 'RU34'),
('SY20', 'RS11', 'RU35'),
('SY12', 'RS2', 'RU36'),
('SY12', 'RS4', 'RU37'),
('SY12', 'RS11', 'RU38'),
('SY11', 'RS2', 'RU39'),
('SY6', 'RS2', 'RU39'),
('SY16', 'RS2', 'RU39'),
('SY4', 'RS2', 'RU39'),
('SY8', 'RS2', 'RU39'),
('SY15', 'RS2', 'RU39'),
('SY11', 'RS2', 'RU40'),
('SY6', 'RS2', 'RU40'),
('SY4', 'RS2', 'RU40'),
('SY8', 'RS2', 'RU40'),
('SY15', 'RS2', 'RU40'),
('SY11', 'RS2', 'RU41'),
('SY9', 'RS2', 'RU41'),
('SY10', 'RS2', 'RU41'),
('SY12', 'RS2', 'RU41'),
('SY11', 'RS2', 'RU42'),
('SY4', 'RS2', 'RU42'),
('SY8', 'RS2', 'RU42'),
('SY15', 'RS2', 'RU42'),
('SY11', 'RS2', 'RU43'),
('SY9', 'RS2', 'RU43'),
('SY4', 'RS2', 'RU43'),
('SY15', 'RS2', 'RU43'),
('SY11', 'RS2', 'RU44'),
('SY10', 'RS2', 'RU44'),
('SY12', 'RS2', 'RU44'),
('SY4', 'RS2', 'RU44'),
('SY11', 'RS2', 'RU45'),
('SY10', 'RS2', 'RU45'),
('SY15', 'RS2', 'RU45'),
('SY12', 'RS2', 'RU45'),
('SY11', 'RS2', 'RU46'),
('SY13', 'RS2', 'RU46'),
('SY9', 'RS2', 'RU46'),
('SY15', 'RS2', 'RU46'),
('SY12', 'RS2', 'RU46'),
('SY11', 'RS2', 'RU47'),
('SY18', 'RS2', 'RU47'),
('SY13', 'RS2', 'RU47'),
('SY10', 'RS2', 'RU47'),
('SY15', 'RS2', 'RU47'),
('SY11', 'RS2', 'RU48'),
('SY4', 'RS2', 'RU48'),
('SY9', 'RS2', 'RU48'),
('SY10', 'RS2', 'RU48'),
('SY11', 'RS2', 'RU49'),
('SY10', 'RS2', 'RU49'),
('SY12', 'RS2', 'RU49'),
('SY4', 'RS2', 'RU49'),
('SY11', 'RS2', 'RU50'),
('SY10', 'RS2', 'RU50'),
('SY15', 'RS2', 'RU50'),
('SY12', 'RS2', 'RU50'),
('SY6', 'RS2', 'RU51'),
('SY13', 'RS2', 'RU51'),
('SY16', 'RS2', 'RU51'),
('SY8', 'RS2', 'RU51'),
('SY9', 'RS2', 'RU51'),
('SY6', 'RS2', 'RU52'),
('SY13', 'RS2', 'RU52'),
('SY18', 'RS2', 'RU52'),
('SY8', 'RS2', 'RU52'),
('SY9', 'RS2', 'RU52'),
('SY6', 'RS2', 'RU53'),
('SY18', 'RS2', 'RU53'),
('SY8', 'RS2', 'RU53'),
('SY9', 'RS2', 'RU53'),
('SY10', 'RS2', 'RU53'),
('SY6', 'RS2', 'RU54'),
('SY16', 'RS2', 'RU54'),
('SY8', 'RS2', 'RU54'),
('SY9', 'RS2', 'RU54'),
('SY10', 'RS2', 'RU54'),
('SY6', 'RS2', 'RU55'),
('SY8', 'RS2', 'RU55'),
('SY9', 'RS2', 'RU55'),
('SY10', 'RS2', 'RU55'),
('SY6', 'RS2', 'RU56'),
('SY4', 'RS2', 'RU56'),
('SY8', 'RS2', 'RU56'),
('SY15', 'RS2', 'RU56'),
('SY6', 'RS2', 'RU57'),
('SY13', 'RS2', 'RU57'),
('SY4', 'RS2', 'RU57'),
('SY9', 'RS2', 'RU57'),
('SY15', 'RS2', 'RU57'),
('SY16', 'RS2', 'RU58'),
('SY18', 'RS2', 'RU58'),
('SY10', 'RS2', 'RU58'),
('SY12', 'RS2', 'RU58'),
('SY4', 'RS2', 'RU58'),
('SY16', 'RS2', 'RU59'),
('SY13', 'RS2', 'RU59'),
('SY9', 'RS2', 'RU59'),
('SY15', 'RS2', 'RU59'),
('SY10', 'RS2', 'RU59'),
('SY13', 'RS2', 'RU60'),
('SY18', 'RS2', 'RU60'),
('SY8', 'RS2', 'RU60'),
('SY9', 'RS2', 'RU60'),
('SY13', 'RS2', 'RU61'),
('SY8', 'RS2', 'RU61'),
('SY9', 'RS2', 'RU61'),
('SY10', 'RS2', 'RU61'),
('SY15', 'RS2', 'RU62'),
('SY8', 'RS2', 'RU62'),
('SY9', 'RS2', 'RU62'),
('SY10', 'RS2', 'RU62'),
('SY15', 'RS2', 'RU63'),
('SY4', 'RS2', 'RU63'),
('SY8', 'RS2', 'RU63'),
('SY10', 'RS2', 'RU63'),
('SY14', 'RS3', 'RU64'),
('SY16', 'RS3', 'RU64'),
('SY17', 'RS3', 'RU64'),
('SY33', 'RS3', 'RU64'),
('SY14', 'RS3', 'RU65'),
('SY16', 'RS3', 'RU65'),
('SY17', 'RS3', 'RU65'),
('SY19', 'RS3', 'RU65'),
('SY14', 'RS3', 'RU66'),
('SY17', 'RS3', 'RU66'),
('SY19', 'RS3', 'RU66'),
('SY33', 'RS3', 'RU66'),
('SY14', 'RS3', 'RU67'),
('SY41', 'RS3', 'RU67'),
('SY17', 'RS3', 'RU67'),
('SY41', 'RS3', 'RU68'),
('SY16', 'RS3', 'RU68'),
('SY33', 'RS3', 'RU68'),
('SY41', 'RS3', 'RU69'),
('SY17', 'RS3', 'RU69'),
('SY19', 'RS3', 'RU69'),
('SY41', 'RS3', 'RU70'),
('SY16', 'RS3', 'RU70'),
('SY17', 'RS3', 'RU70'),
('SY33', 'RS3', 'RU70'),
('SY16', 'RS3', 'RU71'),
('SY17', 'RS3', 'RU71'),
('SY19', 'RS3', 'RU71'),
('SY33', 'RS3', 'RU71'),
('SY2', 'RS4', 'RU72'),
('SY6', 'RS4', 'RU72'),
('SY14', 'RS4', 'RU72'),
('SY21', 'RS4', 'RU72'),
('SY22', 'RS4', 'RU72'),
('SY12', 'RS4', 'RU72'),
('SY2', 'RS4', 'RU73'),
('SY6', 'RS4', 'RU73'),
('SY20', 'RS4', 'RU73'),
('SY22', 'RS4', 'RU73'),
('SY2', 'RS4', 'RU74'),
('SY6', 'RS4', 'RU74'),
('SY20', 'RS4', 'RU74'),
('SY12', 'RS4', 'RU74'),
('SY2', 'RS4', 'RU75'),
('SY6', 'RS4', 'RU75'),
('SY20', 'RS4', 'RU75'),
('SY21', 'RS4', 'RU75'),
('SY2', 'RS4', 'RU76'),
('SY14', 'RS4', 'RU76'),
('SY20', 'RS4', 'RU76'),
('SY21', 'RS4', 'RU76'),
('SY2', 'RS4', 'RU77'),
('SY14', 'RS4', 'RU77'),
('SY20', 'RS4', 'RU77'),
('SY22', 'RS4', 'RU77'),
('SY2', 'RS4', 'RU78'),
('SY14', 'RS4', 'RU78'),
('SY20', 'RS4', 'RU78'),
('SY12', 'RS4', 'RU78'),
('SY2', 'RS4', 'RU79'),
('SY20', 'RS4', 'RU79'),
('SY21', 'RS4', 'RU79'),
('SY2', 'RS4', 'RU80'),
('SY20', 'RS4', 'RU80'),
('SY22', 'RS4', 'RU80'),
('SY24', 'RS4', 'RU80'),
('SY20', 'RS4', 'RU81'),
('SY12', 'RS4', 'RU81'),
('SY21', 'RS4', 'RU81'),
('SY2', 'RS4', 'RU82'),
('SY20', 'RS4', 'RU82'),
('SY24', 'RS4', 'RU82'),
('SY12', 'RS4', 'RU82'),
('SY6', 'RS4', 'RU83'),
('SY14', 'RS4', 'RU83'),
('SY20', 'RS4', 'RU83'),
('SY21', 'RS4', 'RU83'),
('SY6', 'RS4', 'RU84'),
('SY14', 'RS4', 'RU84'),
('SY20', 'RS4', 'RU84'),
('SY22', 'RS4', 'RU84'),
('SY6', 'RS4', 'RU85'),
('SY20', 'RS4', 'RU85'),
('SY22', 'RS4', 'RU85'),
('SY12', 'RS4', 'RU85'),
('SY6', 'RS4', 'RU86'),
('SY20', 'RS4', 'RU86'),
('SY21', 'RS4', 'RU86'),
('SY6', 'RS4', 'RU87'),
('SY20', 'RS4', 'RU87'),
('SY12', 'RS4', 'RU87'),
('SY6', 'RS4', 'RU88'),
('SY12', 'RS4', 'RU88'),
('SY24', 'RS4', 'RU88'),
('SY20', 'RS4', 'RU88'),
('SY20', 'RS4', 'RU89'),
('SY22', 'RS4', 'RU89'),
('SY24', 'RS4', 'RU89'),
('SY20', 'RS4', 'RU90'),
('SY22', 'RS4', 'RU90'),
('SY21', 'RS4', 'RU90'),
('SY24', 'RS4', 'RU90'),
('SY20', 'RS4', 'RU91'),
('SY12', 'RS4', 'RU91'),
('SY24', 'RS4', 'RU91'),
('SY5', 'RS5', 'RU92'),
('SY16', 'RS5', 'RU92'),
('SY18', 'RS5', 'RU92'),
('SY27', 'RS5', 'RU92'),
('SY5', 'RS5', 'RU93'),
('SY16', 'RS5', 'RU93'),
('SY26', 'RS5', 'RU93'),
('SY27', 'RS5', 'RU93'),
('SY5', 'RS5', 'RU94'),
('SY18', 'RS5', 'RU94'),
('SY26', 'RS5', 'RU94'),
('SY27', 'RS5', 'RU94'),
('SY5', 'RS5', 'RU95'),
('SY25', 'RS5', 'RU95'),
('SY26', 'RS5', 'RU95'),
('SY27', 'RS5', 'RU95'),
('SY16', 'RS5', 'RU96'),
('SY18', 'RS5', 'RU96'),
('SY27', 'RS5', 'RU96'),
('SY25', 'RS5', 'RU96'),
('SY16', 'RS5', 'RU97'),
('SY25', 'RS5', 'RU97'),
('SY26', 'RS5', 'RU97'),
('SY27', 'RS5', 'RU97'),
('SY16', 'RS5', 'RU98'),
('SY18', 'RS5', 'RU98'),
('SY26', 'RS5', 'RU98'),
('SY27', 'RS5', 'RU98'),
('SY16', 'RS5', 'RU99'),
('SY18', 'RS5', 'RU99'),
('SY25', 'RS5', 'RU99'),
('SY27', 'RS5', 'RU99'),
('SY16', 'RS5', 'RU100'),
('SY26', 'RS5', 'RU100'),
('SY27', 'RS5', 'RU100'),
('SY16', 'RS5', 'RU101'),
('SY25', 'RS5', 'RU101'),
('SY27', 'RS5', 'RU101'),
('SY16', 'RS5', 'RU102'),
('SY18', 'RS5', 'RU102'),
('SY27', 'RS5', 'RU102'),
('SY18', 'RS5', 'RU103'),
('SY25', 'RS5', 'RU103'),
('SY26', 'RS5', 'RU103'),
('SY27', 'RS5', 'RU103'),
('SY18', 'RS5', 'RU104'),
('SY26', 'RS5', 'RU104'),
('SY27', 'RS5', 'RU104'),
('SY11', 'RS9', 'RU105'),
('SY37', 'RS9', 'RU105'),
('SY5', 'RS9', 'RU105'),
('SY16', 'RS9', 'RU105'),
('SY11', 'RS9', 'RU106'),
('SY16', 'RS9', 'RU106'),
('SY37', 'RS9', 'RU106'),
('SY11', 'RS9', 'RU107'),
('SY5', 'RS9', 'RU107'),
('SY37', 'RS9', 'RU107'),
('SY5', 'RS9', 'RU108'),
('SY16', 'RS9', 'RU108'),
('SY37', 'RS9', 'RU108'),
('SY5', 'RS9', 'RU109'),
('SY37', 'RS9', 'RU109'),
('SY1', 'RS10', 'RU110'),
('SY2', 'RS10', 'RU110'),
('SY5', 'RS10', 'RU110'),
('SY37', 'RS10', 'RU110'),
('SY9', 'RS10', 'RU110'),
('SY1', 'RS10', 'RU111'),
('SY2', 'RS10', 'RU111'),
('SY9', 'RS10', 'RU111'),
('SY37', 'RS10', 'RU111'),
('SY1', 'RS10', 'RU112'),
('SY2', 'RS10', 'RU112'),
('SY16', 'RS10', 'RU112'),
('SY9', 'RS10', 'RU112'),
('SY37', 'RS10', 'RU112'),
('SY1', 'RS10', 'RU113'),
('SY37', 'RS10', 'RU113'),
('SY38', 'RS10', 'RU113'),
('SY1', 'RS10', 'RU114'),
('SY9', 'RS10', 'RU114'),
('SY38', 'RS10', 'RU114'),
('SY2', 'RS10', 'RU115'),
('SY40', 'RS10', 'RU115'),
('SY1', 'RS10', 'RU115'),
('SY38', 'RS10', 'RU115'),
('SY1', 'RS10', 'RU116'),
('SY38', 'RS10', 'RU116'),
('SY37', 'RS10', 'RU116'),
('SY38', 'RS10', 'RU117'),
('SY37', 'RS10', 'RU117'),
('SY9', 'RS10', 'RU117'),
('SY40', 'RS10', 'RU118'),
('SY37', 'RS10', 'RU118'),
('SY9', 'RS10', 'RU118'),
('SY1', 'RS10', 'RU119'),
('SY38', 'RS10', 'RU119'),
('SY9', 'RS10', 'RU119'),
('SY5', 'RS10', 'RU120'),
('SY16', 'RS10', 'RU120'),
('SY9', 'RS10', 'RU120'),
('SY40', 'RS10', 'RU120'),
('SY5', 'RS10', 'RU121'),
('SY16', 'RS10', 'RU121'),
('SY40', 'RS10', 'RU121'),
('SY37', 'RS10', 'RU121'),
('SY5', 'RS10', 'RU122'),
('SY9', 'RS10', 'RU122'),
('SY37', 'RS10', 'RU122'),
('SY38', 'RS10', 'RU122'),
('SY5', 'RS10', 'RU123'),
('SY37', 'RS10', 'RU123'),
('SY38', 'RS10', 'RU123'),
('SY5', 'RS10', 'RU124'),
('SY16', 'RS10', 'RU124'),
('SY40', 'RS10', 'RU124'),
('SY38', 'RS10', 'RU124'),
('SY9', 'RS10', 'RU125'),
('SY16', 'RS10', 'RU125'),
('SY38', 'RS10', 'RU125'),
('SY9', 'RS10', 'RU126'),
('SY37', 'RS10', 'RU126'),
('SY38', 'RS10', 'RU126'),
('SY9', 'RS10', 'RU127'),
('SY16', 'RS10', 'RU127'),
('SY37', 'RS10', 'RU127'),
('SY40', 'RS10', 'RU127'),
('SY9', 'RS10', 'RU128'),
('SY16', 'RS10', 'RU128'),
('SY37', 'RS10', 'RU128'),
('SY14', 'RS11', 'RU129'),
('SY39', 'RS11', 'RU129'),
('SY20', 'RS11', 'RU129'),
('SY23', 'RS11', 'RU129'),
('SY14', 'RS11', 'RU130'),
('SY39', 'RS11', 'RU130'),
('SY20', 'RS11', 'RU130'),
('SY12', 'RS11', 'RU130'),
('SY14', 'RS11', 'RU131'),
('SY39', 'RS11', 'RU131'),
('SY1', 'RS11', 'RU131'),
('SY23', 'RS11', 'RU131'),
('SY14', 'RS11', 'RU132'),
('SY39', 'RS11', 'RU132'),
('SY12', 'RS11', 'RU132'),
('SY21', 'RS11', 'RU132'),
('SY14', 'RS11', 'RU133'),
('SY12', 'RS11', 'RU133'),
('SY20', 'RS11', 'RU133'),
('SY21', 'RS11', 'RU133'),
('SY14', 'RS11', 'RU134'),
('SY12', 'RS11', 'RU134'),
('SY20', 'RS11', 'RU134'),
('SY23', 'RS11', 'RU134'),
('SY12', 'RS11', 'RU135'),
('SY20', 'RS11', 'RU135'),
('SY21', 'RS11', 'RU135'),
('SY39', 'RS11', 'RU136'),
('SY12', 'RS11', 'RU136'),
('SY20', 'RS11', 'RU136'),
('SY39', 'RS11', 'RU137'),
('SY20', 'RS11', 'RU137'),
('SY23', 'RS11', 'RU137'),
('SY1', 'RS11', 'RU138'),
('SY39', 'RS11', 'RU138'),
('SY20', 'RS11', 'RU138'),
('SY21', 'RS11', 'RU138'),
('SY1', 'RS11', 'RU139'),
('SY39', 'RS11', 'RU139'),
('SY20', 'RS11', 'RU139'),
('SY1', 'RS11', 'RU140'),
('SY20', 'RS11', 'RU140'),
('SY21', 'RS11', 'RU140'),
('SY12', 'RS11', 'RU141'),
('SY21', 'RS11', 'RU141'),
('SY23', 'RS11', 'RU141'),
('SY1', 'RS11', 'RU142'),
('SY12', 'RS11', 'RU142'),
('SY20', 'RS11', 'RU142'),
('SY39', 'RS11', 'RU143'),
('SY12', 'RS11', 'RU143'),
('SY21', 'RS11', 'RU143'),
('SY20', 'RS11', 'RU143'),
('SY1', 'RS11', 'RU144'),
('SY20', 'RS11', 'RU144'),
('SY12', 'RS11', 'RU144'),
('SY23', 'RS11', 'RU144'),
('SY1', 'RS11', 'RU145'),
('SY12', 'RS11', 'RU145'),
('SY21', 'RS11', 'RU145'),
('SY23', 'RS11', 'RU145'),
('SY43', 'RS12', 'RU146'),
('SY44', 'RS12', 'RU146'),
('SY43', 'RS13', 'RU147'),
('SY42', 'RS13', 'RU147'),
('P3', 'RS14', 'RU148'),
('SY45', 'RS14', 'RU148'),
('P3', 'RS14', 'RU149'),
('SY46', 'RS14', 'RU149'),
('P3', 'RS14', 'RU150'),
('SY47', 'RS14', 'RU150'),
('P4', 'RS14', 'RU151'),
('SY48', 'RS14', 'RU151'),
('P4', 'RS14', 'RU152'),
('SY49', 'RS14', 'RU152'),
('P5', 'RS14', 'RU153'),
('SY50', 'RS14', 'RU153'),
('P5', 'RS14', 'RU154'),
('SY51', 'RS14', 'RU154'),
('P6', 'RS14', 'RU155'),
('SY52', 'RS14', 'RU155'),
('P7', 'RS14', 'RU156'),
('SY53', 'RS14', 'RU156'),
('P8', 'RS14', 'RU157'),
('SY54', 'RS14', 'RU157'),
('P1', 'A1', 'RU158'),
('P2', 'A2', 'RU159'),
('P3', 'A3', 'RU160'),
('P4', 'A4', 'RU161'),
('P5', 'A5', 'RU162'),
('P6', 'A6', 'RU163'),
('P7', 'A7', 'RU164'),
('P8', 'A8', 'RU165'),
('RS1', 'A9', 'RU166'),
('P1', 'A9', 'RU166'),
('RS1', 'A9', 'RU167'),
('P2', 'A9', 'RU167'),
('RS1', 'A9', 'RU168'),
('P3', 'A9', 'RU168'),
('RS1', 'A9', 'RU169'),
('P4', 'A9', 'RU169'),
('RS1', 'A10', 'RU170'),
('P5', 'A10', 'RU170'),
('RS1', 'A10', 'RU171'),
('P6', 'A10', 'RU171'),
('RS1', 'A10', 'RU172'),
('P7', 'A10', 'RU172'),
('RS1', 'A10', 'RU173'),
('P8', 'A10', 'RU173'),
('RS2', 'A11', 'RU174'),
('P1', 'A11', 'RU174'),
('RS2', 'A11', 'RU175'),
('P2', 'A11', 'RU175'),
('RS2', 'A11', 'RU176'),
('P3', 'A11', 'RU176'),
('RS2', 'A11', 'RU177'),
('P4', 'A11', 'RU177'),
('RS2', 'A12', 'RU178'),
('P5', 'A12', 'RU178'),
('RS2', 'A12', 'RU179'),
('P6', 'A12', 'RU179'),
('RS2', 'A12', 'RU180'),
('P7', 'A12', 'RU180'),
('RS2', 'A13', 'RU181'),
('RS2', 'A14', 'RU182'),
('P8', 'A14', 'RU182'),
('RS3', 'A15', 'RU183'),
('RS3', 'A16', 'RU184'),
('P1', 'A16', 'RU184'),
('RS3', 'A16', 'RU185'),
('P2', 'A16', 'RU185'),
('RS3', 'A16', 'RU186'),
('P3', 'A16', 'RU186'),
('RS3', 'A16', 'RU187'),
('P4', 'A16', 'RU187'),
('RS3', 'A17', 'RU188'),
('P5', 'A17', 'RU188'),
('RS3', 'A17', 'RU189'),
('P6', 'A17', 'RU189'),
('RS3', 'A17', 'RU190'),
('P7', 'A17', 'RU190'),
('RS3', 'A17', 'RU191'),
('P8', 'A17', 'RU191'),
('RS3', 'A18', 'RU192'),
('RS4', 'A19', 'RU193'),
('RS4', 'A20', 'RU194'),
('P5', 'A20', 'RU194'),
('RS4', 'A20', 'RU195'),
('P6', 'A20', 'RU195'),
('RS4', 'A20', 'RU196'),
('P7', 'A20', 'RU196'),
('RS4', 'A20', 'RU197'),
('P8', 'A20', 'RU197'),
('RS5', 'A21', 'RU198'),
('RS5', 'A22', 'RU199'),
('P1', 'A22', 'RU199'),
('RS5', 'A22', 'RU200'),
('P2', 'A22', 'RU200'),
('RS5', 'A22', 'RU201'),
('P3', 'A22', 'RU201'),
('RS5', 'A22', 'RU202'),
('P4', 'A22', 'RU202'),
('RS5', 'A23', 'RU203'),
('P5', 'A23', 'RU203'),
('RS5', 'A23', 'RU204'),
('P6', 'A23', 'RU204'),
('RS5', 'A23', 'RU205'),
('P7', 'A23', 'RU205'),
('RS5', 'A24', 'RU206'),
('P8', 'A24', 'RU206'),
('RS7', 'A30', 'RU207'),
('P1', 'A30', 'RU207'),
('RS7', 'A30', 'RU208'),
('P2', 'A30', 'RU208'),
('RS7', 'A30', 'RU209'),
('P3', 'A30', 'RU209'),
('RS7', 'A30', 'RU210'),
('P4', 'A30', 'RU210'),
('RS7', 'A31', 'RU211'),
('P5', 'A31', 'RU211'),
('RS7', 'A31', 'RU212'),
('P6', 'A31', 'RU212'),
('RS7', 'A31', 'RU213'),
('P7', 'A31', 'RU213'),
('RS7', 'A32', 'RU214'),
('P8', 'A32', 'RU214'),
('RS7', 'A33', 'RU215'),
('P5', 'A33', 'RU215'),
('RS7', 'A33', 'RU216'),
('P6', 'A33', 'RU216'),
('RS7', 'A33', 'RU217'),
('P7', 'A33', 'RU217'),
('RS7', 'A33', 'RU218'),
('P8', 'A33', 'RU218'),
('RS8', 'A34', 'RU219'),
('RS8', 'A35', 'RU220'),
('P5', 'A35', 'RU220'),
('RS8', 'A35', 'RU221'),
('P6', 'A35', 'RU221'),
('RS8', 'A35', 'RU222'),
('P7', 'A35', 'RU222'),
('RS8', 'A35', 'RU223'),
('P8', 'A35', 'RU223'),
('RS9', 'A36', 'RU224'),
('P5', 'A36', 'RU224'),
('RS9', 'A36', 'RU225'),
('P6', 'A36', 'RU225'),
('RS9', 'A36', 'RU226'),
('P7', 'A36', 'RU226'),
('RS9', 'A36', 'RU227'),
('P8', 'A36', 'RU227'),
('RS12', 'A37', 'RU228'),
('P1', 'A37', 'RU228'),
('RS12', 'A37', 'RU229'),
('P2', 'A37', 'RU229'),
('RS12', 'A37', 'RU230'),
('P3', 'A37', 'RU230'),
('RS12', 'A37', 'RU231'),
('P4', 'A37', 'RU231'),
('RS12', 'A38', 'RU232'),
('P5', 'A38', 'RU232'),
('RS12', 'A38', 'RU233'),
('P6', 'A38', 'RU233'),
('RS12', 'A38', 'RU234'),
('P7', 'A38', 'RU234'),
('RS12', 'A38', 'RU235'),
('P8', 'A38', 'RU235'),
('RS12', 'A39', 'RU236'),
('RS10', 'A40', 'RU237'),
('P1', 'A40', 'RU237'),
('RS10', 'A40', 'RU238'),
('P2', 'A40', 'RU238'),
('RS10', 'A40', 'RU239'),
('P3', 'A40', 'RU239'),
('RS10', 'A40', 'RU240'),
('P4', 'A40', 'RU240'),
('RS10', 'A41', 'RU241'),
('P5', 'A41', 'RU241'),
('RS10', 'A41', 'RU242'),
('P6', 'A41', 'RU242'),
('RS10', 'A41', 'RU243'),
('P7', 'A41', 'RU243'),
('RS10', 'A41', 'RU244'),
('P8', 'A41', 'RU244'),
('RS11', 'A42', 'RU245'),
('P1', 'A42', 'RU245'),
('RS11', 'A42', 'RU246'),
('P2', 'A42', 'RU246'),
('RS11', 'A42', 'RU247'),
('P3', 'A42', 'RU247'),
('RS11', 'A42', 'RU248'),
('P4', 'A42', 'RU248'),
('RS11', 'A43', 'RU249'),
('P5', 'A43', 'RU249'),
('RS11', 'A43', 'RU250'),
('P6', 'A43', 'RU250'),
('RS11', 'A43', 'RU251'),
('P7', 'A43', 'RU251'),
('RS11', 'A44', 'RU252'),
('P8', 'A44', 'RU252'),
('RS11', 'A45', 'RU253'),
('P5', 'A45', 'RU253'),
('RS11', 'A45', 'RU254'),
('P6', 'A45', 'RU254'),
('RS11', 'A45', 'RU255'),
('P7', 'A45', 'RU255'),
('RS11', 'A45', 'RU256'),
('P8', 'A45', 'RU256'),
('RS14', 'A46', 'RU257'),
('SY58', 'A46', 'RU257'),
('RS14', 'A47', 'RU258'),
('SY59', 'A47', 'RU258'),
('RS14', 'A48', 'RU259'),
('SY57', 'A48', 'RU259'),
('RS14', 'A49', 'RU260'),
('SY55', 'A49', 'RU260'),
('RS14', 'A49', 'RU261'),
('SY56', 'A49', 'RU261');