DROP DATABASE IF EXISTS KBS;
CREATE DATABASE KBS CHARACTER SET utf8mb4 COLLATE utf8mb4_unicode_ci;
USE KBS;


CREATE TABLE std_weight_height(
    gender SMALLINT,
    age SMALLINT,
    below_2sd_weight float,
    mean_weight float,
    above_2sd_weight float,
    below_2sd_height float,
    mean_height float,
    above_2sd_height float
);

CREATE TABLE fact(
	id_fact varchar(10) PRIMARY KEY,
    content text
);

CREATE TABLE rule(
	id_rule varchar(10) PRIMARY KEY,
    type SMALLINT
);

CREATE TABLE inference(
	id_inference INT PRIMARY KEY AUTO_INCREMENT,
    id_antecedent_fact varchar(10),
    id_consequent_fact varchar(10),
    id_rule varchar(10),
    FOREIGN KEY (id_antecedent_fact) REFERENCES fact(id_fact),
    FOREIGN KEY (id_consequent_fact) REFERENCES fact(id_fact)
);

INSERT INTO std_weight_height
VALUES
(1, 0, 2.5, 3.3, 4.4, 46.1, 49.9, 53.7),
(1, 1, 3.4, 4.5, 5.8, 50.8, 54.7, 58.6),
(1, 2, 4.3, 5.6, 7.1, 54.4, 58.4, 62.4),
(1, 3, 5, 6.4, 8, 57.3, 61.4, 65.5),
(1, 4, 5.6, 7, 8.7, 59.7, 63.9, 68),
(1, 5, 6, 7.5, 9.3, 61.7, 65.9, 70.1),
(1, 6, 6.4, 7.9, 9.8, 63.3, 67.6, 71.9),
(1, 7, 6.7, 8.3, 10.3, 64.8, 69.2, 73.5),
(1, 8, 6.9, 8.6, 10.7, 66.2, 70.6, 75),
(1, 9, 7.1, 8.9, 11, 67.5, 72, 76.5),
(1, 10, 7.4, 9.2, 11.4, 68.7, 73.3, 77.9),
(1, 11, 7.6, 9.4, 11.7, 69.9, 74.5, 79.2),
(1, 12, 7.7, 9.6, 12.0, 71.0, 75.7, 80.5),
(1, 13, 7.9, 9.9, 12.3, 72.1, 76.9, 81.8),
(1, 14, 8.1, 10.1, 12.6, 73.1, 78.0, 83.0),
(1, 15, 8.3, 10.3, 12.8, 74.1, 79.1, 84.2),
(1, 16, 8.4, 10.5, 13.1, 75.0, 80.2, 85.4),
(1, 17, 8.6, 10.7, 13.4, 76.0, 81.2, 86.5),
(1, 18, 8.8, 10.9, 13.7, 76.9, 82.3, 87.7),
(1, 19, 8.9, 11.1, 13.9, 77.7, 83.2, 88.8),
(1, 20, 9.1, 11.3, 14.2, 78.6, 84.2, 89.8),
(1, 21, 9.2, 11.5, 14.5, 79.4, 85.1, 90.9),
(1, 22, 9.4, 11.8, 14.7, 80.2, 86.0, 91.9),
(1, 23, 9.5, 12.0, 15.0, 81.0, 86.9, 92.9),
(1, 24, 9.7, 12.2, 15.3, 81.0, 87.1, 93.2),
(0, 0, 2.4, 3.2, 4.2, 45.4, 49.1, 52.9),
(0, 1, 3.2, 4.2, 5.5, 49.8, 53.7, 57.6),
(0, 2, 3.9, 5.1, 6.6, 53.0, 57.1, 61.1),
(0, 3, 4.5, 5.8, 7.5, 55.6, 59.8, 64.0),
(0, 4, 5.0, 6.4, 8.2, 57.8, 62.1, 66.4),
(0, 5, 5.4, 6.9, 8.8, 59.6, 64, 68.5),
(0, 6, 5.7, 7.3, 9.3, 61.2, 65.7, 70.3),
(0, 7, 6.0, 7.6, 9.8, 62.7, 67.3, 71.9),
(0, 8, 6.3, 7.9, 10.2, 64.0, 68.8, 73.5),
(0, 9, 6.5, 8.2, 10.5, 65.3, 70.1, 75.0),
(0, 10, 6.7, 8.5, 10.9, 66.5, 71.5, 76.4),
(0, 11, 6.9, 8.7, 11.2, 67.7, 72.8, 77.8),
(0, 12, 7.0, 8.9, 11.5, 68.9, 74.0, 79.2),
(0, 13, 7.2, 9.2, 11.8, 70.0, 75.2, 80.5),
(0, 14, 7.4, 9.4, 12.1, 71.0, 76.4, 81.7),
(0, 16, 7.7, 9.8, 12.6, 73.0, 78.6, 84.2),
(0, 17, 7.9, 10.0, 12.9, 74.0, 79.7, 85.4),
(0, 18, 8.1, 10.2, 13.2, 74.9, 80.7, 86.5),
(0, 19, 8.2, 10.4, 13.5, 75.8, 81.7, 87.6),
(0, 20, 8.4, 10.6, 13.7, 76.7, 82.7, 88.7),
(0, 21, 8.6, 10.9, 14.0, 77.5, 83.7, 89.8),
(0, 22, 8.7, 11.1, 14.3, 78.4, 84.6, 90.8),
(0, 23, 8.9, 11.3, 14.6, 79.2, 85.5, 91.9),
(0, 24, 9.0, 11.5, 14.8, 80.0, 86.4, 92.9);

INSERT INTO fact 
VALUES
('P1', 'giai đoạn 0 - 1 tháng'),
('P2', 'giai đoạn 1 - 2 tháng'),
('P3', 'giai đoạn 2 - 4 tháng'),
('P4', 'giai đoạn 4 - 6 tháng'),
('P5', 'giai đoạn 6 - 7 tháng'),
('P6', 'giai đoạn 7 - 9 tháng'),
('P7', 'giai đoạn 9 - 12 tháng'),
('P8', 'giai đoạn 12 - 24 tháng'),
('ST1', 'suy dinh dưỡng thể nhẹ cân'),
('ST2', 'suy dinh dưỡng thể thấp còi'),
('ST3', 'suy dinh dưỡng thể gầy còm'),
('ST4', 'cân nặng chiều cao bình thường'),
('ST5', 'thừa cân, béo phì'),
('SY1', 'trẻ bị chậm phát triển về trí tuệ, nhận thức bị suy giảm'),
('SY2', 'trẻ có sức khoẻ yếu, kém vận động'),
('SY3', 'trẻ sụt cân rõ rệt, các cơ co lại, xương nhô ra.'),
('SY4', 'trẻ không tăng cân trong thời gian gần đây'),
('SY5', 'da trở nên mỏng, khô, không đàn hồi'),
('SY6', 'Da trẻ xanh xao, mềm nhũn'),
('SY7', 'Da trẻ xuất hiện các vết bầm tím, đặc biệt xung quanh đầu và mặt'),
('SY8', 'Da trẻ xanh xao nhất là ở lòng bàn tay, bàn chân;'),
('SY9', 'Tóc khô và dễ rụng, móng tay trẻ giòn, dễ gãy'),
('SY10', 'niêm mạc nhợt nhạt, lưỡi nhợt, nhẵn do mất hoặc mòn gai lưỡi'),
('SY11', 'Trẻ mệt mỏi, chậm chạp, ít tập trung, ít đùa nghịch'),
('SY12', 'Trẻ hay cáu gắt, khóc thét, khó dỗ nín'),
('SY13', 'Trẻ hay buồn ngủ'),
('SY14', 'Trẻ khó ngủ và thức giấc nhiều lần, trẻ có thể hay bị giật mình khi ngủ'),
('SY15', 'Trẻ có triệu chứng hoa mắt, chóng mặt.'),
('SY16', 'Trẻ chán ăn, biếng ăn'),
('SY17', 'Trẻ bị táo bón'),
('SY18', 'Trẻ bị rối loạn tiêu hóa nói chung'),
('SY19', 'Các bệnh nhiễm trùng tái diễn ở đường hô hấp (viêm mũi họng, viêm phế quản tái đi tái lại), viêm đường tiêu hóa, mụn bỏng, mụn mủ, viêm niêm mạc.'),
('SY20', 'Trẻ thường ra mồ hôi trộm vào ban đêm dù trời không nóng'),
('SY21', 'Trẻ mọc răng chậm, răng mọc không cân đối.'),
('SY22', 'Trẻ bị đầu bẹt, xương sọ mềm, khi ấn vào bị lõm và trở lại bình thường nếu nhấc tay ra.'),
('SY23', 'Phần thóp trên đầu trẻ sưng to, sờ vào thấy căng cứng'),
('SY24', 'Trẻ bị vẹo cột sống và chân vòng kiềng, biến dạng xương'),
('SY25', 'Màng tiếp hợp khô, không bóng ướt như bình thường, kết mạc dày lên có nếp nhăn đổi màu xám nhạt, vàng nhạt hoặc nâu sẫm'),
('SY26', 'Trẻ bị quáng gà, khi chập choạng tối trẻ thường không nhìn thấy, trẻ hãy vấp ngã, lần mò theo tường, không nhận biết được người quen,..'),
('SY27', 'Giác mạc bị khô mất bóng sáng, giác mạc mờ đục như màn sương phủ thường bắt đầu từ phần dưới của giác mạc'),
('SY28', 'Một bên mắt của trẻ bị lác hoặc sụp mi'),
('SY29', 'Trẻ ho, sổ mũi, dễ khàn tiếng và mất tiếng.'),
('SY30', 'thóp căng, lác mắt, giật nhãn cầu, phù nhẹ.'),
('SY31', 'Trẻ bị chảy máu mũi hoặc rốn khó cầm'),
('SY32', 'Phân trong bỉm của trẻ có dính máu đỏ tươi, đỏ sẫm hoặc phân màu đen như nhựa đường, kèm theo có mùi khó chịu'),
('SY33', 'Trẻ bị nôn'),
('SY34', 'Trẻ nôn liên tục, nôn ra máu'),
('SY35', 'Đầy hơi và khó tiêu'),
('SY36', 'Gặp nhiều trở ngại về ngôn ngữ (nói lắp, phát âm không rõ) và trẻ có thể gặp khó khăn trong việc học hỏi và bắt chước hành động của người lớn'),
('SY37', 'Nhạy cảm với thời tiết lạnh: Trẻ dễ cảm thấy lạnh'),
('SY38', 'Cổ họng sưng'),
('SY39', 'Rụng tóc hình vành khăn hay “dấu hiệu chiếu liếm"'),
('SY40', 'Trẻ bị nấc cụt, ọc sữa'),
('SY41', 'Trẻ bị viêm da'),
('PR1', 'Thiếu đạm'),
('PR2', 'Thiếu sắt'),
('PR3', 'Thiếu kẽm'),
('PR4', 'Thiếu vitamin D'),
('PR5', 'Thiếu vitamin A'),
('PR6', 'Thiếu vitamin B'),
('PR7', 'Thiếu vitamin K'),
('PR8', 'Thiếu chất xơ'),
('PR9', 'Thiếu chất béo'),
('PR10', 'Thiếu iốt'),
('PR11', 'Thiếu canxi'),
('A1', 'Về vấn đề dinh dưỡng:\nCon bạn đang trong giai đoạn 0 - 1 tháng, nên trẻ có thể bú sữa công thức có bổ sung chất sắt nếu trẻ không thể bú mẹ hoàn toàn.\n Cứ 2 đến 3 tiếng thì nên cho trẻ bú một lần. Bạn cho trẻ bú ít hơn 473 ml sữa một ngày và cần được bổ sung thêm vitamin D.\nVề vấn đề vận động, trong giai đoạn này, đặt trẻ nằm ngửa và khích lệ chúng nhìn về các đối tượng sáng và đơn giản để phát triển khả năng quan sát của bé.'),
('A2', 'Về vấn đề dinh dưỡng:\nCon bạn đang trong giai đoạn 1 - 2 tháng, trẻ bú mỗi 2 đến 3 tiếng suốt cả ngày lẫn đêm. Nếu con bạn bú ít hơn 480 ml sữa mỗi ngày cần bổ sung thêm vitamin D.\nVề vấn đề vận động\nBạn hãy khám phá đôi chân của trẻ bằng cách giữ chúng và nhẹ nhàng uốn cong, giúp kích thích cảm giác chạm và phát triển cơ bắp.'),
('A3', 'Về vấn đề dinh dưỡng:\nCon bạn đang trong giai đoạn 2 - 4 tháng, trẻ bú mỗi 3 đến 4 tiếng trong ngày. Nếu trẻ uống ít hơn 500ml sữa mỗi ngày có thể cần bổ sung thêm vitamin D.\nVề vấn đề vận động:\n Bố trí đồ chơi mà trẻ có thể nắm bằng tay, hỗ trợ phát triển cảm giác về tác động và khuyến khích sự chủ động từ bé.'),
('A4', 'Về vấn đề dinh dưỡng:\nCon bạn đang trong giai đoạn 4 - 6 tháng, trẻ bú mỗi 4 - 5 giờ mỗi ngày. Nếu trẻ uống ít hơn 480ml sữa công thức mỗi ngày đều cần được bổ sung thêm vitamin D. Về vấn đề vận động:\nBạn nên đặt trẻ nằm bụng để tăng cường cơ bắp vùng vai và cổ, đồng thời đặt đồ chơi ở xa để khuyến khích bé vươn tới và quay lăn để giúp bé phát triển cơ bắp.'),
('A5', 'Về vấn đề dinh dưỡng:\nCon bạn đang trong giai đoạn 6 - 7 tháng tuổi, trẻ nên được cho uống 720 – 960ml sữa mẹ hoặc sữa công thức một ngày chia làm 8 – 10 cữ.\nỞ giai đoạn này, trẻ có thể được cho ăn dặm. Bạn có thể tham khỏa thực đơn với nguyên liệu sau:\nBữa chính: ăn bột ngọt: bột gạo, bột lúa mì, bột từ củ: khoai tây, khoai lang, khoai mỡ pha với sữa để bé quen khẩu vị dần. \nBột loãng, chỉ đặc hơn sữa một chút\nMỗi ngày ăn 2 bữa vào khung thời gian cố định, mỗi bữa chỉ 2 – 3 muỗm cà phê từ từ tăng dần.\nTrong sữa mẹ đã cung cấp đủ nước cho trẻ nên trẻ không cần uống nước\nVề vấn đề vận động:\nBạn nên hỗ trợ bé khi đang cố gắng ngồi đứng, sử dụng ghế hỗ trợ hoặc gối để giữ thăng bằng và tăng cường sức mạnh cơ bắp.'),
('A6', 'Về vấn đề dinh dưỡng:\nCon bạn đang trong giai đoạn 7 – 9 tháng tuổi, trẻ nên được cho uống 720 – 960ml sữa mẹ hoặc sữa công thức mỗi ngày chia làm 8 – 10 cữ\nỞ giai đoạn này, trẻ đã được cho ăn dặm. Bạn có thể tham khảo thực đơn với nguyên liệu như sau:\nBữa chính: ăn các loại bột với thịt, rau say nhuyễn. Mỗi ngày 2 – 3 bữa vào khung thời gian cố định, mỗi bữa khoảng 100 – 120ml thức ăn, từ từ tăng dần\nBữa phụ: 1 – 2 bữa, gồm các loại trái cây mềm: chuối, xoài… Có thể mua các loại bánh ăn dặm dành riêng cho trẻ.\nCó thể cho trẻ tập uống nước sau mỗi bữa ăn dặm, mỗi lần 2 – 3 thìa cà phê.\nVề vấn đề vận động:\nBạn nên chơi cùng bé khuyến khích bé nâng đầu và ngực lên khi nằm bụng, đồng thời cung cấp đồ chơi để kích thích sự chủ động và tò mò.'),
('A7', 'Về vấn đề dinh dưỡng:\nCon bạn đang trong giai đoạn 9 – 12 tháng tuổi, trẻ nên được cho uống rẻ uống 500 – 600 ml sữa mẹ hoặc sữa công thức mỗi ngày, chia làm 4 – 5 cữ.\nỞ giai đoạn này, trẻ đã ăn dặm được một thời gian, tiếp tục khuyến khích trẻ ăn với thực đơn bạn có thể tham khảo như sau:\nBữa chính: trẻ có thể ăn cháo, với đầy đủ 4 nhóm: thịt(90 – 100g/ngày), bột/cháo, rau củ, dầu: 6 – 10ml. Chia làm 3 bữa, mỗi bữa 150 – 200ml thức ăn.\nBữa phụ: 1 – 2 bữa, gồm các loại trái cây mềm: chuối, xoài… Có thể mua các loại bánh ăn dặm dành riêng cho trẻ.\nVề vấn đề vận động:\n Đây là thời điểm quan trọng cho sự vận động của trẻ. Bạn nên cho bé cơ hội tự đứng và bám vào các đối tượng xung quanh, giúp phát triển sức mạnh và sự ổn định.'),
('A8', 'Về vấn đề dinh dưỡng:\nCon bạn đang trong giai đoạn trên 12 tháng tuổi\nNhững trẻ đang bú mẹ nên tiếp tục được cho bú. Bé từ 12 tháng tuổi có thể dừng uống sữa bột và chuyển sang uống sữa tươi nguyên kem. Một ngày bé nên uống 2 - 3 ly (0.47 lít tới 0.70 lít).\nNên tập cho trẻ uống tất cả các loại sữa nước hoa quả/thức= ăn… bằng ly (cốc) thay vì bằng bình sữa để chống sâu răng. Hạn chế uống các loại nước hoa quả chứa vitamin C quá nhiều, không nên vượt quá 0.11 lít - 0.17 lít/ ngày, và khuyến khích bé uống nước lọc.\nDùng thực đơn cân bằng cho bé và khuyến khích bé ăn rau quả. Cho bé ăn 3 bữa chính và 2-3 bữa phụ trong một ngày. Cắt đồ ăn thành miếng nhỏ để bé không bị nghẹn.\nĐảm bảo cho bé tránh thức ăn có hàm luợng mỡ„ muối„ và đuờng cao. Dần dần giúp bé chuyển thực đơn sang bữa ăn bình thường của gia đình thay vì thức ăn đặc biệt cho trẻ nhỏ.\nCho bé ngồi ở ghế ăn cao ngang bàn để tăng giao tiếp của bé trong bữa ăn. Đừng ép bé ăn hết các đồ ăn trong đĩa.\nTránh cho bé ăn các loại hạt cứng„ kẹo cứng„ ngô bung„ và kẹo cao su để tránh bị dị vật đường thở do hít sặc khi nuốt.\nKhuyến khích bé tự ăn bằng thìa và có chén (bát) đĩa riêng.\nBé cần đánh răng sau bữa ăn và trước khi đi ngủ. Nếu dùng kem đánh răng cho trẻ thì nên dùng loại không chứa flo (Fluoride). Trong một số trường hợp bác sĩ có thể khuyên bổ sung flo (Fluoride) cho trẻ.\n Về vấn đề vận động:\nBạn nên khuyến khích bé đi bằng cách sử dụng đồ chơi hoặc đưa tay để hỗ trợ, đồng thời tạo các trò chơi vận động như chạy nhảy để phát triển sự linh hoạt và cân bằng.'),
('A9', '[Tư vấn thiếu sắt] Con bạn cần được bổ sung thêm sắt 2mg/kg mỗi ngày, tối đa 15mg/ngày/. Lượng sắt này được cung cấp đủ trong sữa công thức. Nếu trẻ bú sữa mẹ hoàn toàn, bạn có thể cho trẻ uống thuốc sắt dạng lỏng, siro cho đến khi trẻ có thể ăn dặm.'),
('A10', '[Tư vấn thiếu sắt] Trẻ từ 6 tháng tuổi trở đi nên bắt đầu cho trẻ ăn dặm bên cạnh uống sữa mẹ, nên bắt đầu với những thực phẩm giàu sắt. Bạn có thể xem xét bổ sung sắt dạng thực phẩm chức năng như thuốc lỏng 11mg mỗi ngày. Bổ sung sắt dạng này chủ yếu được dùng khi con bạn không thể ăn dặm với thức ăn đặc. Một số loại thực phẩm giàu sắt cho trẻ ăn dặm: các loại thịt: thịt bò, thịt lợn, thì gà,... Các lại hải sản: tôm, cua, cá hồi,... Các loại rau củ có màu đỏ, rau xanh như rau chân vịt, bông cải...Tăng cường các loại thực phẩm giàu vitamin C (như cam quýt, dâu tây, đu đủ, bông cải xanh…) sẽ góp phần giúp trẻ tăng hấp thu sắt.'),
('A11', '[Tư vấn thiếu sắt] Kinh nghiệm dành cho thai phụ: Phụ nữ có thai nên sử dụng viên sắt mỗi ngày, uống kéo dài tới sau khi sinh một tháng. Liều bổ sung là 60mg sắt mỗi ngày. Ngoài ra cũng nên sử dụng các thực phẩm có tăng cường sắt cho phụ nữ mang thai.'),
('A12', '[Tư vấn thiếu sắt] Con bạn từ 1 tuổi trở lên không nên uống quá nhiều sữa bò (quá 600ml sữa mỗi ngày), vì đây không phải là nguồn cung cấp sắt cho cơ thể. Hơn nữa, sữa bò có thể ức chế sự hấp thu sắt từ thức ăn khác.\nMột số loại thực phẩm giàu sắt cho trẻ ăn dặm: các loại thịt: thịt bò, thịt lợn, thì gà,... Các lại hải sản: tôm, cua, cá hồi,... Các loại rau củ có màu đỏ, rau xanh như rau chân vịt, bông cải...Tăng cường các loại thực phẩm giàu vitamin C (như cam quýt, dâu tây, đu đủ, bông cải xanh…) sẽ góp phần giúp trẻ tăng hấp thu sắt.'),
('A13', '[Tư vấn thiếu kẽm] Con bạn dưới 6 tháng tuổi cần bổ sung 3mg kẽm mỗi ngày'),
('A14', '[Tư vấn thiếu kẽm] Con bạn trong giai đoạn từ 6 – 12 tháng tuổi, trẻ cần được bổ sung 5 – 8 mg/ngày'),
('A15', '[Tư vấn thiếu kẽm] Con bạn đang trong giai đoạn từ 1 tuổi – 2 tuổi cần khoảng 10 – 15 mg/ngày để phát triển chiều cao và thể chất tối ưu nhất.'),
('A16', '[Tư vấn thiếu kẽm] Con bạn đang trong giai đoạn dưới 6 tháng tuổi nên nguồn kẽm tốt nhất và dễ hấp thu nhất đó chính là sữa mẹ. Lúc này hàm lượng kẽm trong sữa mẹ là 2-3mg/ lít, đáp ứng đủ tiêu chuẩn sử dụng. Do đó, bạn chỉ cần cho bé bú hoàn toàn trong 6 tháng đầu.'),
('A17', '[Tư vấn thiếu kẽm] Con bạn đang trong gian đoạn trên 6 tháng tuổi, lượng kẽm trong sữa mẹ giảm dần, cần bổ sung kẽm qua thực phẩm ăn dặm cho trẻ. Một số thực phẩm giàu kẽm có thể bổ sung cho trẻ như tôm đồng, lươn, hàu, sò, gan lợn, sữa, thịt bò, lòng đỏ trứng, cá, đậu nành, các hạt có dầu (hạnh nhân, hạt điều, đậu phộng...). Để trẻ hấp thụ kẽm tốt nhất, bạn nên bổ sung vitamin C cho trẻ từ chính các loại trái cây tươi giàu lượng vitamin C sẵn có như cam, chanh, quýt, bưởi…'),
('A18', '[Tư vấn thiếu kẽm] Kinh nghiệm dành cho thai phụ: phụ nữ mang thai cần bổ sung kẽm vào khẩu phần ăn hàng ngày để cung cấp cho thai nhi. Các nhóm thực phẩm giàu kẽm như tôm, cua, thịt, trứng, cá.'),
('A19', '[Tư vấn thiếu vitamin D] Nuôi con bằng sữa mẹ cũng là một trong những phương pháp nhằm phòng chống thiếu hụt vitamin D ở trẻ, bạn nên cho trẻ tắm nắng hàng ngày, mỗi ngày 20 – 30 phút vào buổi sáng là tốt nhất (trước 9 giờ), trường hợp không có điều kiện để tắm nắng như sinh vào mùa đông hoặc nhà ở chật chội... thì phải cho trẻ bổ sung vitamin D từ khi sinh ra sau 1 tuần, thời gian uống đến 2 tuổi, còn khi trẻ đã lớn, chơi được ngoài trời nhiều hơn hoặc không có biểu hiện của bệnh còi xương thì cũng không cần phải uống nữa.'),
('A20', '[Tư vấn thiếu vitamin D] Bạn cần bổ sung vitamin D vào khẩu phần ăn của trẻ như sữa, phomat, bánh quy, dầu ăn, các loại ngũ cốc hay bột dinh dưỡng.. Trong rau xanh có vitamin D là yếu tố hình thành osteocalcin, osteocalcin giúp tích tụ canxi vào xương.Vitamin D và canxi là bộ đôi “ăn ý” không thể tách rời bởi vì vitamin D là chất dẫn truyền giúp cho cơ thể bé hấp thu canxi tốt hơn. Có thể bổ sung vitamin D qua các loại thực phẩm giàu loại vitamin này như sữa, sữa chua, lòng đỏ trứng, cá hồi, dầu gan cá,…'),
('A21', '[Tư vấn thiếu vitamin A] Kinh nghiệm dành cho thai phụ: phụ nữa có thai và cho con bú cần ăn nhiều thức ăn giàu vitamin A, ăn tăng dầu mỡ. Cho trẻ bú sớm, ngay sau đẻ từ 30 phút đến 1 giờ, bú hoàn toàn trong 4 - 6 tháng đầu, bú kéo dài 18 - 24 tháng.'),
('A22', '[Tư vấn thiếu vitamin A] Con bạn cần được uống bổ sung vitamin A định kỳ hằng năm, mỗi năm 2 lần. Con bạn dưới 6 tháng tuổi, cần bổ sung 50.000 đơn vị vitamin A.'),
('A23', '[Tư vấn thiếu vitamin A] Con bạn cần được uống bổ sung vitamin A định kỳ hằng năm, mỗi năm 2 lần. Con bạn đang trong giai đoạn từ 6-12 tháng tuổi, cần bổ sung 100.000 đơn vị vitamin A. Một số thực phẩm giàu vitamin A thích hợp cho trẻ : bí ngô, cà rốt, khoai lang, gan, trứng, dầu cá hồi, quả mâm xôi,... Bạn có thể cắt nhỏ hoặc nghiền thêm vào bữa ăn dặm cho trẻ, vừa tăng màu sắc và hương vị giúp trẻ ngon miệng vừa bổ sung chất dinh dưỡng tốt cho sự phát triển của trẻ.'),
('A24', '[Tư vấn thiếu vitamin A] Con bạn cần được uống bổ sung vitamin A định kỳ hằng năm, mỗi năm 2 lần. Con bạn đang trong giai đoạn từ 12 - 24 tháng tuổi, cần bổ sung 200.000 đơn vị vitamin A. Một số thực phẩm giàu vitamin A thích hợp cho trẻ : bí ngô, cà rốt, khoai lang, gan, trứng, dầu cá hồi, quả mâm xôi,... Bạn có thể cắt nhỏ hoặc nghiền thêm vào bữa ăn dặm cho trẻ, vừa tăng màu sắc và hương vị giúp trẻ ngon miệng vừa bổ sung chất dinh dưỡng tốt cho sự phát triển của trẻ.'),
('A25', '[Tư vấn thiếu chất béo] Bạn nên xây dựng chế độ ăn uống cân bằng, đa dạng, bổ sung vào thực đơn ăn dặm cho trẻ, bao gồm nhiều loại thực phẩm giàu chất béo. Cách bổ sung tốt nhất để đảm bảo lưu giữ trọn vẹn dưỡng chất có lợi là trộn dầu dinh dưỡng đặc chế cho trẻ vào thức ăn còn nóng (cháo, bột, cơm khi vừa nấu xong) với liều lượng 10ml/ngày (nếu trẻ ăn 2 bữa chính/ngày thì mỗi bữa trộn 1 muỗng café – 5ml).\nNhằm đảm bảo cung cấp đúng và đủ các chất béo cần biết, bạn cần cho trẻ ăn đa dạng thực phẩm như các loại mỡ (mỡ bò, lợn và cừu), thịt, trứng, sữa, đặc biệt là các loại cá béo (cá hồi, cá ngừ, cá trích…) do đây là nguồn cung cấp Omega 3 (EPA và DHA) dồi dào.\nMột số thực phẩm giàu chất béo bao gồm:\nThực phẩm giàu chất béo lành mạnh:\nDầu ô liu\nDầu hạt cải\nDầu hạt hướng dương\nDầu đậu nành\nHạt chia\nHạt lanh\nCác loại hạt: hạnh nhân, hạt óc chó, quả hồ trăn\nCác loại đậu: đậu nành, đậu đen, đậu Hà Lan\nThực phẩm giàu chất béo bão hòa:\nThịt đỏ\nSữa và các sản phẩm từ sữa\nTrứng'),
('A26', '[Tư vấn cho trẻ thừa cân] Con của bạn đang trong giai đoạn dưới 6 tháng tuổi nên được bú mẹ hoàn toàn nhằm nâng cao sức đề kháng và hệ miễn dịch. Điều này không chỉ giúp giảm nguy cơ béo phì ở trẻ mà còn giúp trẻ tránh được một số bệnh lý khác.'),
('A27', '[Tư vấn cho trẻ thừa cân] Điều chỉnh chế độ dinh dưỡng:Bạn cần điều chỉnh chế độ dinh dưỡng của mình và cho bé theo hướng lành mạnh. Đảm bảo cung cấp đủ nhóm chất, ưu tiên rau xanh và hoa quả, đạm, hạn chếchất béo và tinh bột không tốt, dầu mỡ. Nếu bé dùng sữa công thức, hãy ưu tiên sữa tăng cân vừa phải và chọn sữa phù hợp cho giai đoạn phát triển của bé. Tăng cường vận động: Khuyến khích bé vận động bằng cách chơi trò chơi cùng bé, thực hiện các động tác nhẹ nhàng hoặc hỗ trợ bé tập các kỹ năng mới. Điều này giúp bé tiến bộ nhanh hơn và giảm nguy cơ béo phì.Theo dõi cân nặng và sức khỏe: Ba mẹ nên theo dõi cân nặng của bé thường xuyên nếu bé có nguy cơ hoặc đã bị béo phì. Đồng thời, điều chỉnh chế độ dinh dưỡng, tăng cường vận động và sinh hoạt phù hợp để giúp bé tăng trưởng tốt.'),
('A28', '[Tư vấn thiếu I-ốt] Con bạn trong giai đoạn từ 0 - 6 tháng tuổi, nhu cầu iốt của trẻ là 40mcg/ngày. Trẻ bú mẹ hoàn toàn, do đó bạn nên ăn nhiều hải sản và dùng muối i ốt hoặc nước mắm có iốt để nguồn dưỡng chất quan trọng này tiết qua sữa bổ sung cho bé.'),
('A29', '[Tư vấn thiếu I-ốt] Con bạn trong giai đoạn từ 6 tháng tuổi, nhu cầu Iot của trẻ là 50mcg/ngày. Trẻ đã có thể ăn dặm nên bạn cần bổ sung iốt qua ăn uống hàng ngày. Iốt có nhiều trong hải sản: cá, tôm, cua và có nhiều trong các loại rau như rong, tảo biển, rau câu, rau xanh...\nTrứng và các thực phẩm từ sữa cũng là một nguồn cung cấp iốt khá tốt. Vì vậy, bạn chú ý thêm vào thực đơn cho bé từ nguồn thức ăn giàu iốt này.'),
('A30', '[Tư vấn thiếu Canxi] Ở mỗi độ tuổi trẻ sẽ có nhu cầu canxi khác nhau, cụ thể: con bạn dưới 6 tháng tuổi sẽ cần 300mg canxi/ ngày.\n Bạn cũng cần chú ý đến việc tăng cường canxi cho bản thân để cung cấp đủ canxi trong sữa cho trẻ. Các thực phẩm giàu canxi nhu sữa, trứng. Các loại hạt, ngũ cốc: hạt mè, hạt điều, quả óc chó,...Các loại thuỷ hải sản: Tôm cua, sò... \n. Bạn và trẻ cần được hấp thụ vitamin D qua việc tắm nắng. Thời gian tắm nắng tốt nhất khoảng từ 7 - 9 giờ sáng hoặc 5 - 6 giờ chiều. Mỗi lần khoảng 15 - 20 phút'),
('A31', '[Tư vấn thiếu Canxi] Ở mỗi độ tuổi trẻ sẽ có nhu cầu canxi khác nhau, cụ thể: con bạn trong giai đoạn 6 tháng tới 12 tháng tuổi cần 400mg canxi/ ngày.'),
('A32', '[Tư vấn thiếu Canxi] Ở mỗi độ tuổi trẻ sẽ có nhu cầu canxi khác nhau, cụ thể: con bạn trong giai đoạn từ 1 đến 2 tuổi cần 500 mg canxi/ngày.'),
('A33', '[Tư vấn thiếu Canxi] Để bổ sung canxi cho bé qua đường ăn uống bạn có thể mua các loại thực phẩm như hải sản gồm cá, cua, tôm sò,… hay các loại rau cải xoăn, cần tây, bắp cải, diếp cá để tăng cường sức khỏe cho xương. Trong rau xanh có vitamin D là yếu tố hình thành osteocalcin, osteocalcin giúp tích tụ canxi vào xương.Kết hợp với vitamin DVitamin D và canxi là bộ đôi “ăn ý” không thể tách rời bởi vì vitamin D là chất dẫn truyền giúp cho cơ thể bé hấp thu canxi tốt hơn. Do vậy để trẻ hấp thu tốt nhất lượng canxi vào cơ thể bạn nên bổ sung cả vitamin D cho trẻ. Có thể bổ sung vitamin D bằng cách cho trẻ phơi nắng vào buổi sáng sớm hoặc qua các loại thực phẩm giàu loại vitamin này như sữa, sữa chua, lòng đỏ trứng, cá hồi, dầu gan cá,…'),
('A34', '[Tư vấn suy dinh dưỡng thể nhẹ cân] Trẻ có cân nặng dưới mức bình thường đối với độ tuổi và chiều cao của trẻ. Bạn cần cân bằng lại chế độ dinh dưỡng cho trẻ. Bổ sung thêm các nhóm thức ăn như rau củ, trái cây, ngũ cốc, thịt, cá, sữa và sản phẩm từ sữa. Bổ sung thêm bữa ăn nhẹ để cung cấp năng lượng và chất dinh dưỡng liên tục trong ngày.'),
('A35', '[Tư vấn suy dinh dưỡng thể thấp còi] Trẻ có cân nặng và chiều cao đều thấp so với tiêu chuẩn độ tuổi. Bạn cần bổ sung chế độ ăn giàu năng lượng cho trẻ. đặc biệt là từ chất béo và carbohydrate, để hỗ trợ tăng cân và phát triển. Bổ sung protein từ thực phẩm như thịt, cá, trứng và đậu nành để hỗ trợ xây dựng cơ bắp.'),
('A36', '[Tư vấn suy dinh dưỡng thể gầy còm] Trẻ có cơ thể gầy, thiếu mỡ, và có thể xuất hiện tình trạng suy nhược cơ bắp. Bạn cần tăng cường thêm nguồn protein từ thức ăn như thịt, cá, trứng, sữa, đậu nành, và thậm chí có thể xem xét sử dụng bổ sung protein nếu cần. Phân chia thức ăn thành nhiều bữa nhỏ trong ngày để cung cấp năng lượng và chất dinh dưỡng liên tục.'),
('A37', '[Tư vấn thừa cân béo phì] Trẻ có cân nặng vượt chuẩn và có dấu hiệu của thừa cân béo phì. Cha mẹ hãy xem xét lại và đảm bảo rằng chế độ ăn của trẻ là cân đối và giàu chất dinh dưỡng, hạn chế thức ăn nhanh và đồ ngọt. Khuyến khích trẻ tham gia hoạt động vận động hàng ngày như chơi ngoài trời hoặc các trò chơi tập luyện để giúp đốt cháy calo và tăng cường sức khỏe. Sử dụng các dụng cụ đo hoặc bát kích thước để kiểm soát lượng thức ăn. Gia đình có thể hỗ trợ bằng cách tham gia vào quá trình chuẩn bị và thưởng thức các bữa ăn lành mạnh cùng nhau. Đồng thời, giảm thời gian trẻ tiếp xúc với màn hình điện thoại hay máy tính bảng và khuyến khích hoạt động, chơi đùa. Đảm bảo trẻ có đủ giấc ngủ sẽ giúp kiểm soát hormone đói và no, hỗ trợ quá trình quản lý cân nặng.'),
('M1', 'Tư vấn dinh dưỡng vận động');
INSERT INTO rule
VALUES
('RU1', 0),
('RU2', 0),
('RU3', 0),
('RU4', 0),
('RU5', 0),
('RU6', 0),
('RU7', 0),
('RU8', 0),
('RU9', 0),
('RU10', 0),
('RU11', 0),
('RU12', 0),
('RU13', 0),
('RU14', 0),
('RU15', 0),
('RU16', 0),
('RU17', 0),
('RU18', 0),
('RU19', 0),
('RU20', 0),
('RU21', 0),
('RU22', 0),
('RU23', 0),
('RU24', 0),
('RU25', 0),
('RU26', 0),
('RU27', 0),
('RU28', 0),
('RU29', 0),
('RU30', 0),
('RU31', 0),
('RU32', 0),
('RU33', 0),
('RU34', 0),
('RU35', 0),
('RU36', 0),
('RU37', 0),
('RU38', 0),
('RU39', 0),
('RU40', 0),
('RU41', 0),
('RU42', 0),
('RU43', 0),
('RU44', 0),
('RU45', 0),
('RU46', 0),
('RU47', 0),
('RU48', 0),
('RU49', 0),
('RU50', 0),
('RU51', 0),
('RU52', 0),
('RU53', 0),
('RU54', 0),
('RU55', 0),
('RU56', 0),
('RU57', 0),
('RU58', 0),
('RU59', 0),
('RU60', 0),
('RU61', 0),
('RU62', 0),
('RU63', 0),
('RU64', 0),
('RU65', 0),
('RU66', 0),
('RU67', 0),
('RU68', 0),
('RU69', 0),
('RU70', 0),
('RU71', 0),
('RU72', 0),
('RU73', 0),
('RU74', 0),
('RU75', 0),
('RU76', 0),
('RU77', 0),
('RU78', 0),
('RU79', 0),
('RU80', 0),
('RU81', 0),
('RU82', 0),
('RU83', 0),
('RU84', 0),
('RU85', 0),
('RU86', 0),
('RU87', 0),
('RU88', 0),
('RU89', 0),
('RU90', 0),
('RU91', 0),
('RU92', 0),
('RU93', 0),
('RU94', 0),
('RU95', 0),
('RU96', 0),
('RU97', 0),
('RU98', 0),
('RU99', 0),
('RU100', 0),
('RU101', 0),
('RU102', 0),
('RU103', 0),
('RU104', 0),
('RU105', 0),
('RU106', 0),
('RU107', 0),
('RU108', 0),
('RU109', 0),
('RU110', 0),
('RU111', 0),
('RU112', 1),
('RU113', 1),
('RU114', 1),
('RU115', 1),
('RU116', 1),
('RU117', 1),
('RU118', 1),
('RU119', 1),
('RU120', 1),
('RU121', 1),
('RU122', 1),
('RU123', 1),
('RU124', 1),
('RU125', 1),
('RU126', 1),
('RU127', 1),
('RU128', 1),
('RU129', 1),
('RU130', 1),
('RU131', 1),
('RU132', 1),
('RU133', 1),
('RU134', 1),
('RU135', 1),
('RU136', 1),
('RU137', 1),
('RU138', 1),
('RU139', 1),
('RU140', 1),
('RU141', 1),
('RU142', 1),
('RU143', 1),
('RU144', 1),
('RU145', 1),
('RU146', 1),
('RU147', 1),
('RU148', 1),
('RU149', 1),
('RU150', 1),
('RU151', 1),
('RU152', 1),
('RU153', 1),
('RU154', 1),
('RU155', 1),
('RU156', 1),
('RU157', 1),
('RU158', 1),
('RU159', 1),
('RU160', 1),
('RU161', 1),
('RU162', 1),
('RU163', 1),
('RU164', 1),
('RU165', 1),
('RU166', 1),
('RU167', 1),
('RU168', 1),
('RU169', 1),
('RU170', 1),
('RU171', 1),
('RU172', 1),
('RU173', 1),
('RU174', 1),
('RU175', 1),
('RU176', 1),
('RU177', 1),
('RU178', 1),
('RU179', 1),
('RU180', 1),
('RU181', 1),
('RU182', 1),
('RU183', 1),
('RU184', 1),
('RU185', 1),
('RU186', 1),
('RU187', 1),
('RU188', 1),
('RU189', 1),
('RU190', 1),
('RU191', 1),
('RU192', 1),
('RU193', 1),
('RU194', 1),
('RU195', 1),
('RU196', 1),
('RU197', 1),
('RU198', 1),
('RU199', 1),
('RU200', 1),
('RU201', 1),
('RU202', 1),
('RU203', 1),
('RU204', 1),
('RU205', 1),
('RU206', 1),
('RU207', 1),
('RU208', 1),
('RU209', 1),
('RU210', 1),
('RU211', 1),
('RU212', 1),
('RU213', 1),
('RU214', 1),
('RU215', 1),
('RU216', 1),
('RU217', 1),
('RU218', 1);

INSERT INTO inference(id_antecedent_fact, id_consequent_fact, id_rule)
VALUES
('SY1', 'PR10', 'RU1'),
('SY1', 'PR11', 'RU2'),
('SY2', 'PR4', 'RU3'),
('SY2', 'PR10', 'RU4'),
('SY11', 'PR2', 'RU5'),
('SY11', 'PR9', 'RU6'),
('SY5', 'PR5', 'RU7'),
('SY5', 'PR9', 'RU8'),
('SY5', 'PR10', 'RU9'),
('SY6', 'PR2', 'RU10'),
('SY6', 'PR4', 'RU11'),
('SY41', 'PR3', 'RU12'),
('SY13', 'PR2', 'RU13'),
('SY14', 'PR3', 'RU14'),
('SY14', 'PR4', 'RU15'),
('SY14', 'PR11', 'RU16'),
('SY16', 'PR2', 'RU17'),
('SY16', 'PR3', 'RU18'),
('SY16', 'PR5', 'RU19'),
('SY16', 'PR9', 'RU20'),
('SY16', 'PR10', 'RU21'),
('SY17', 'PR3', 'RU22'),
('SY18', 'PR2', 'RU23'),
('SY18', 'PR5', 'RU24'),
('SY33', 'PR3', 'RU25'),
('SY40', 'PR10', 'RU26'),
('SY19', 'PR3', 'RU27'),
('SY27', 'PR5', 'RU28'),
('SY15', 'PR2', 'RU29'),
('SY24', 'PR4', 'RU30'),
('SY20', 'PR4', 'RU31'),
('SY20', 'PR11', 'RU32'),
('SY12', 'PR2', 'RU33'),
('SY12', 'PR4', 'RU34'),
('SY12', 'PR11', 'RU35'),
('M1', 'A1', 'RU36'),
('P1', 'A1', 'RU36'),
('M1', 'A2', 'RU37'),
('P2', 'A2', 'RU37'),
('M1', 'A3', 'RU38'),
('P3', 'A3', 'RU38'),
('M1', 'A4', 'RU39'),
('P4', 'A4', 'RU39'),
('M1', 'A5', 'RU40'),
('P5', 'A5', 'RU40'),
('M1', 'A6', 'RU41'),
('P6', 'A6', 'RU41'),
('M1', 'A7', 'RU42'),
('P7', 'A7', 'RU42'),
('M1', 'A8', 'RU43'),
('P8', 'A8', 'RU43'),
('PR2', 'A9', 'RU44'),
('P1', 'A9', 'RU44'),
('PR2', 'A9', 'RU45'),
('P2', 'A9', 'RU45'),
('PR2', 'A9', 'RU46'),
('P3', 'A9', 'RU46'),
('PR2', 'A9', 'RU47'),
('P4', 'A9', 'RU47'),
('PR2', 'A10', 'RU48'),
('P5', 'A10', 'RU48'),
('PR2', 'A10', 'RU49'),
('P6', 'A10', 'RU49'),
('PR2', 'A10', 'RU50'),
('P7', 'A10', 'RU50'),
('PR2', 'A11', 'RU51'),
('PR2', 'A12', 'RU52'),
('P8', 'A12', 'RU52'),
('PR3', 'A13', 'RU53'),
('P1', 'A13', 'RU53'),
('PR3', 'A13', 'RU54'),
('P2', 'A13', 'RU54'),
('PR3', 'A13', 'RU55'),
('P3', 'A13', 'RU55'),
('PR3', 'A13', 'RU56'),
('P4', 'A13', 'RU56'),
('PR3', 'A14', 'RU57'),
('P5', 'A14', 'RU57'),
('PR3', 'A14', 'RU58'),
('P6', 'A14', 'RU58'),
('PR3', 'A14', 'RU59'),
('P7', 'A14', 'RU59'),
('PR3', 'A15', 'RU60'),
('P8', 'A15', 'RU60'),
('PR3', 'A16', 'RU61'),
('P1', 'A16', 'RU61'),
('PR3', 'A16', 'RU62'),
('P2', 'A16', 'RU62'),
('PR3', 'A16', 'RU63'),
('P3', 'A16', 'RU63'),
('PR3', 'A16', 'RU64'),
('P4', 'A16', 'RU64'),
('PR3', 'A17', 'RU65'),
('P5', 'A17', 'RU65'),
('PR3', 'A17', 'RU66'),
('P6', 'A17', 'RU66'),
('PR3', 'A17', 'RU67'),
('P7', 'A17', 'RU67'),
('PR3', 'A17', 'RU68'),
('P8', 'A17', 'RU68'),
('PR3', 'A18', 'RU69'),
('PR4', 'A19', 'RU70'),
('PR4', 'A20', 'RU71'),
('P5', 'A20', 'RU71'),
('PR4', 'A20', 'RU72'),
('P6', 'A20', 'RU72'),
('PR4', 'A20', 'RU73'),
('P7', 'A20', 'RU73'),
('PR4', 'A20', 'RU74'),
('P8', 'A20', 'RU74'),
('PR5', 'A21', 'RU75'),
('PR5', 'A22', 'RU76'),
('P1', 'A22', 'RU76'),
('PR5', 'A22', 'RU77'),
('P2', 'A22', 'RU77'),
('PR5', 'A22', 'RU78'),
('P3', 'A22', 'RU78'),
('PR5', 'A22', 'RU79'),
('P4', 'A22', 'RU79'),
('PR5', 'A23', 'RU80'),
('P5', 'A23', 'RU80'),
('PR5', 'A23', 'RU81'),
('P6', 'A23', 'RU81'),
('PR5', 'A23', 'RU82'),
('P7', 'A23', 'RU82'),
('PR5', 'A24', 'RU83'),
('P8', 'A24', 'RU83'),
('PR9', 'A25', 'RU84'),
('P5', 'A25', 'RU84'),
('PR9', 'A25', 'RU85'),
('P6', 'A25', 'RU85'),
('PR9', 'A25', 'RU86'),
('P7', 'A25', 'RU86'),
('PR9', 'A25', 'RU87'),
('P8', 'A25', 'RU87'),
('PR10', 'A28', 'RU88'),
('P1', 'A28', 'RU88'),
('PR10', 'A28', 'RU89'),
('P2', 'A28', 'RU89'),
('PR10', 'A28', 'RU90'),
('P3', 'A28', 'RU90'),
('PR10', 'A28', 'RU91'),
('P4', 'A28', 'RU91'),
('PR10', 'A29', 'RU92'),
('P5', 'A29', 'RU92'),
('PR10', 'A29', 'RU93'),
('P6', 'A29', 'RU93'),
('PR10', 'A29', 'RU94'),
('P7', 'A29', 'RU94'),
('PR10', 'A29', 'RU95'),
('P8', 'A29', 'RU95'),
('PR11', 'A30', 'RU96'),
('P1', 'A30', 'RU96'),
('PR11', 'A30', 'RU97'),
('P2', 'A30', 'RU97'),
('PR11', 'A30', 'RU98'),
('P3', 'A30', 'RU98'),
('PR11', 'A30', 'RU99'),
('P4', 'A30', 'RU99'),
('PR11', 'A31', 'RU100'),
('P5', 'A31', 'RU100'),
('PR11', 'A31', 'RU101'),
('P6', 'A31', 'RU101'),
('PR11', 'A31', 'RU102'),
('P7', 'A31', 'RU102'),
('PR11', 'A32', 'RU103'),
('P8', 'A32', 'RU103'),
('PR11', 'A33', 'RU104'),
('P5', 'A33', 'RU104'),
('PR11', 'A33', 'RU105'),
('P6', 'A33', 'RU105'),
('PR11', 'A33', 'RU106'),
('P7', 'A33', 'RU106'),
('PR11', 'A33', 'RU107'),
('P8', 'A33', 'RU107'),
('ST1', 'A34', 'RU108'),
('ST2', 'A35', 'RU109'),
('ST3', 'A36', 'RU110'),
('ST5', 'A37', 'RU111'),
('SY11', 'PR2', 'RU112'),
('SY6', 'PR2', 'RU112'),
('SY16', 'PR2', 'RU112'),
('SY4', 'PR2', 'RU112'),
('SY8', 'PR2', 'RU112'),
('SY15', 'PR2', 'RU112'),
('SY11', 'PR2', 'RU113'),
('SY6', 'PR2', 'RU113'),
('SY4', 'PR2', 'RU113'),
('SY8', 'PR2', 'RU113'),
('SY15', 'PR2', 'RU113'),
('SY11', 'PR2', 'RU114'),
('SY9', 'PR2', 'RU114'),
('SY10', 'PR2', 'RU114'),
('SY12', 'PR2', 'RU114'),
('SY11', 'PR2', 'RU115'),
('SY4', 'PR2', 'RU115'),
('SY8', 'PR2', 'RU115'),
('SY15', 'PR2', 'RU115'),
('SY11', 'PR2', 'RU116'),
('SY9', 'PR2', 'RU116'),
('SY4', 'PR2', 'RU116'),
('SY15', 'PR2', 'RU116'),
('SY11', 'PR2', 'RU117'),
('SY10', 'PR2', 'RU117'),
('SY12', 'PR2', 'RU117'),
('SY4', 'PR2', 'RU117'),
('SY11', 'PR2', 'RU118'),
('SY10', 'PR2', 'RU118'),
('SY15', 'PR2', 'RU118'),
('SY12', 'PR2', 'RU118'),
('SY13', 'PR2', 'RU119'),
('SY9', 'PR2', 'RU119'),
('SY15', 'PR2', 'RU119'),
('SY12', 'PR2', 'RU119'),
('SY18', 'PR2', 'RU120'),
('SY13', 'PR2', 'RU120'),
('SY10', 'PR2', 'RU120'),
('SY15', 'PR2', 'RU120'),
('SY11', 'PR2', 'RU121'),
('SY4', 'PR2', 'RU121'),
('SY9', 'PR2', 'RU121'),
('SY10', 'PR2', 'RU121'),
('SY11', 'PR2', 'RU122'),
('SY10', 'PR2', 'RU122'),
('SY12', 'PR2', 'RU122'),
('SY4', 'PR2', 'RU122'),
('SY11', 'PR2', 'RU123'),
('SY10', 'PR2', 'RU123'),
('SY15', 'PR2', 'RU123'),
('SY12', 'PR2', 'RU123'),
('SY6', 'PR2', 'RU124'),
('SY13', 'PR2', 'RU124'),
('SY16', 'PR2', 'RU124'),
('SY8', 'PR2', 'RU124'),
('SY9', 'PR2', 'RU124'),
('SY6', 'PR2', 'RU125'),
('SY13', 'PR2', 'RU125'),
('SY18', 'PR2', 'RU125'),
('SY8', 'PR2', 'RU125'),
('SY9', 'PR2', 'RU125'),
('SY6', 'PR2', 'RU126'),
('SY18', 'PR2', 'RU126'),
('SY8', 'PR2', 'RU126'),
('SY9', 'PR2', 'RU126'),
('SY10', 'PR2', 'RU126'),
('SY6', 'PR2', 'RU127'),
('SY16', 'PR2', 'RU127'),
('SY8', 'PR2', 'RU127'),
('SY9', 'PR2', 'RU127'),
('SY10', 'PR2', 'RU127'),
('SY6', 'PR2', 'RU128'),
('SY8', 'PR2', 'RU128'),
('SY9', 'PR2', 'RU128'),
('SY10', 'PR2', 'RU128'),
('SY6', 'PR2', 'RU129'),
('SY4', 'PR2', 'RU129'),
('SY8', 'PR2', 'RU129'),
('SY15', 'PR2', 'RU129'),
('SY6', 'PR2', 'RU130'),
('SY13', 'PR2', 'RU130'),
('SY4', 'PR2', 'RU130'),
('SY9', 'PR2', 'RU130'),
('SY15', 'PR2', 'RU130'),
('SY16', 'PR2', 'RU131'),
('SY18', 'PR2', 'RU131'),
('SY12', 'PR2', 'RU131'),
('SY4', 'PR2', 'RU131'),
('SY16', 'PR2', 'RU132'),
('SY13', 'PR2', 'RU132'),
('SY9', 'PR2', 'RU132'),
('SY15', 'PR2', 'RU132'),
('SY10', 'PR2', 'RU132'),
('SY13', 'PR2', 'RU133'),
('SY18', 'PR2', 'RU133'),
('SY8', 'PR2', 'RU133'),
('SY9', 'PR2', 'RU133'),
('SY13', 'PR2', 'RU134'),
('SY8', 'PR2', 'RU134'),
('SY9', 'PR2', 'RU134'),
('SY10', 'PR2', 'RU134'),
('SY15', 'PR2', 'RU135'),
('SY8', 'PR2', 'RU135'),
('SY9', 'PR2', 'RU135'),
('SY10', 'PR2', 'RU135'),
('SY15', 'PR2', 'RU136'),
('SY4', 'PR2', 'RU136'),
('SY8', 'PR2', 'RU136'),
('SY10', 'PR2', 'RU136'),
('SY14', 'PR3', 'RU137'),
('SY16', 'PR3', 'RU137'),
('SY17', 'PR3', 'RU137'),
('SY33', 'PR3', 'RU137'),
('SY14', 'PR3', 'RU138'),
('SY16', 'PR3', 'RU138'),
('SY17', 'PR3', 'RU138'),
('SY19', 'PR3', 'RU138'),
('SY14', 'PR3', 'RU139'),
('SY17', 'PR3', 'RU139'),
('SY19', 'PR3', 'RU139'),
('SY33', 'PR3', 'RU139'),
('SY14', 'PR3', 'RU140'),
('SY41', 'PR3', 'RU140'),
('SY17', 'PR3', 'RU140'),
('SY41', 'PR3', 'RU141'),
('SY16', 'PR3', 'RU141'),
('SY33', 'PR3', 'RU141'),
('SY41', 'PR3', 'RU142'),
('SY17', 'PR3', 'RU142'),
('SY19', 'PR3', 'RU142'),
('SY41', 'PR3', 'RU143'),
('SY16', 'PR3', 'RU143'),
('SY17', 'PR3', 'RU143'),
('SY33', 'PR3', 'RU143'),
('SY16', 'PR3', 'RU144'),
('SY17', 'PR3', 'RU144'),
('SY19', 'PR3', 'RU144'),
('SY33', 'PR3', 'RU144'),
('SY2', 'PR4', 'RU145'),
('SY6', 'PR4', 'RU145'),
('SY14', 'PR4', 'RU145'),
('SY21', 'PR4', 'RU145'),
('SY22', 'PR4', 'RU145'),
('SY12', 'PR4', 'RU145'),
('SY2', 'PR4', 'RU146'),
('SY6', 'PR4', 'RU146'),
('SY20', 'PR4', 'RU146'),
('SY22', 'PR4', 'RU146'),
('SY2', 'PR4', 'RU147'),
('SY6', 'PR4', 'RU147'),
('SY20', 'PR4', 'RU147'),
('SY12', 'PR4', 'RU147'),
('SY2', 'PR4', 'RU148'),
('SY6', 'PR4', 'RU148'),
('SY20', 'PR4', 'RU148'),
('SY21', 'PR4', 'RU148'),
('SY2', 'PR4', 'RU149'),
('SY14', 'PR4', 'RU149'),
('SY20', 'PR4', 'RU149'),
('SY21', 'PR4', 'RU149'),
('SY2', 'PR4', 'RU150'),
('SY14', 'PR4', 'RU150'),
('SY20', 'PR4', 'RU150'),
('SY22', 'PR4', 'RU150'),
('SY2', 'PR4', 'RU151'),
('SY14', 'PR4', 'RU151'),
('SY20', 'PR4', 'RU151'),
('SY12', 'PR4', 'RU151'),
('SY2', 'PR4', 'RU152'),
('SY20', 'PR4', 'RU152'),
('SY21', 'PR4', 'RU152'),
('SY2', 'PR4', 'RU153'),
('SY20', 'PR4', 'RU153'),
('SY22', 'PR4', 'RU153'),
('SY24', 'PR4', 'RU153'),
('SY20', 'PR4', 'RU154'),
('SY12', 'PR4', 'RU154'),
('SY21', 'PR4', 'RU154'),
('SY2', 'PR4', 'RU155'),
('SY20', 'PR4', 'RU155'),
('SY24', 'PR4', 'RU155'),
('SY12', 'PR4', 'RU155'),
('SY6', 'PR4', 'RU156'),
('SY14', 'PR4', 'RU156'),
('SY20', 'PR4', 'RU156'),
('SY21', 'PR4', 'RU156'),
('SY6', 'PR4', 'RU157'),
('SY14', 'PR4', 'RU157'),
('SY20', 'PR4', 'RU157'),
('SY22', 'PR4', 'RU157'),
('SY6', 'PR4', 'RU158'),
('SY20', 'PR4', 'RU158'),
('SY22', 'PR4', 'RU158'),
('SY12', 'PR4', 'RU158'),
('SY6', 'PR4', 'RU159'),
('SY20', 'PR4', 'RU159'),
('SY21', 'PR4', 'RU159'),
('SY6', 'PR4', 'RU160'),
('SY20', 'PR4', 'RU160'),
('SY12', 'PR4', 'RU160'),
('SY6', 'PR4', 'RU161'),
('SY12', 'PR4', 'RU161'),
('SY24', 'PR4', 'RU161'),
('SY20', 'PR4', 'RU161'),
('SY20', 'PR4', 'RU162'),
('SY22', 'PR4', 'RU162'),
('SY24', 'PR4', 'RU162'),
('SY20', 'PR4', 'RU163'),
('SY22', 'PR4', 'RU163'),
('SY21', 'PR4', 'RU163'),
('SY24', 'PR4', 'RU163'),
('SY20', 'PR4', 'RU164'),
('SY12', 'PR4', 'RU164'),
('SY24', 'PR4', 'RU164'),
('SY5', 'PR5', 'RU165'),
('SY16', 'PR5', 'RU165'),
('SY18', 'PR5', 'RU165'),
('SY27', 'PR5', 'RU165'),
('SY5', 'PR5', 'RU166'),
('SY16', 'PR5', 'RU166'),
('SY26', 'PR5', 'RU166'),
('SY27', 'PR5', 'RU166'),
('SY5', 'PR5', 'RU167'),
('SY18', 'PR5', 'RU167'),
('SY26', 'PR5', 'RU167'),
('SY27', 'PR5', 'RU167'),
('SY5', 'PR5', 'RU168'),
('SY25', 'PR5', 'RU168'),
('SY26', 'PR5', 'RU168'),
('SY27', 'PR5', 'RU168'),
('SY16', 'PR5', 'RU169'),
('SY18', 'PR5', 'RU169'),
('SY27', 'PR5', 'RU169'),
('SY25', 'PR5', 'RU169'),
('SY16', 'PR5', 'RU170'),
('SY25', 'PR5', 'RU170'),
('SY26', 'PR5', 'RU170'),
('SY27', 'PR5', 'RU170'),
('SY16', 'PR5', 'RU171'),
('SY18', 'PR5', 'RU171'),
('SY26', 'PR5', 'RU171'),
('SY27', 'PR5', 'RU171'),
('SY16', 'PR5', 'RU172'),
('SY18', 'PR5', 'RU172'),
('SY25', 'PR5', 'RU172'),
('SY27', 'PR5', 'RU172'),
('SY16', 'PR5', 'RU173'),
('SY26', 'PR5', 'RU173'),
('SY27', 'PR5', 'RU173'),
('SY16', 'PR5', 'RU174'),
('SY25', 'PR5', 'RU174'),
('SY27', 'PR5', 'RU174'),
('SY16', 'PR5', 'RU175'),
('SY18', 'PR5', 'RU175'),
('SY27', 'PR5', 'RU175'),
('SY18', 'PR5', 'RU176'),
('SY25', 'PR5', 'RU176'),
('SY26', 'PR5', 'RU176'),
('SY27', 'PR5', 'RU176'),
('SY18', 'PR5', 'RU177'),
('SY26', 'PR5', 'RU177'),
('SY27', 'PR5', 'RU177'),
('SY11', 'PR9', 'RU178'),
('SY37', 'PR9', 'RU178'),
('SY5', 'PR9', 'RU178'),
('SY16', 'PR9', 'RU178'),
('SY11', 'PR9', 'RU179'),
('SY16', 'PR9', 'RU179'),
('SY37', 'PR9', 'RU179'),
('SY11', 'PR9', 'RU180'),
('SY5', 'PR9', 'RU180'),
('SY37', 'PR9', 'RU180'),
('SY5', 'PR9', 'RU181'),
('SY16', 'PR9', 'RU181'),
('SY37', 'PR9', 'RU181'),
('SY5', 'PR9', 'RU182'),
('SY37', 'PR9', 'RU182'),
('SY1', 'PR10', 'RU183'),
('SY2', 'PR10', 'RU183'),
('SY5', 'PR10', 'RU183'),
('SY37', 'PR10', 'RU183'),
('SY9', 'PR10', 'RU183'),
('SY1', 'PR10', 'RU184'),
('SY2', 'PR10', 'RU184'),
('SY9', 'PR10', 'RU184'),
('SY37', 'PR10', 'RU184'),
('SY1', 'PR10', 'RU185'),
('SY2', 'PR10', 'RU185'),
('SY16', 'PR10', 'RU185'),
('SY9', 'PR10', 'RU185'),
('SY37', 'PR10', 'RU185'),
('SY1', 'PR10', 'RU186'),
('SY37', 'PR10', 'RU186'),
('SY38', 'PR10', 'RU186'),
('SY1', 'PR10', 'RU187'),
('SY9', 'PR10', 'RU187'),
('SY38', 'PR10', 'RU187'),
('SY2', 'PR10', 'RU188'),
('SY40', 'PR10', 'RU188'),
('SY1', 'PR10', 'RU188'),
('SY38', 'PR10', 'RU188'),
('SY1', 'PR10', 'RU189'),
('SY38', 'PR10', 'RU189'),
('SY37', 'PR10', 'RU189'),
('SY38', 'PR10', 'RU190'),
('SY37', 'PR10', 'RU190'),
('SY9', 'PR10', 'RU190'),
('SY40', 'PR10', 'RU191'),
('SY37', 'PR10', 'RU191'),
('SY9', 'PR10', 'RU191'),
('SY1', 'PR10', 'RU192'),
('SY38', 'PR10', 'RU192'),
('SY9', 'PR10', 'RU192'),
('SY5', 'PR10', 'RU193'),
('SY16', 'PR10', 'RU193'),
('SY9', 'PR10', 'RU193'),
('SY40', 'PR10', 'RU193'),
('SY5', 'PR10', 'RU194'),
('SY16', 'PR10', 'RU194'),
('SY40', 'PR10', 'RU194'),
('SY37', 'PR10', 'RU194'),
('SY5', 'PR10', 'RU195'),
('SY9', 'PR10', 'RU195'),
('SY37', 'PR10', 'RU195'),
('SY38', 'PR10', 'RU195'),
('SY5', 'PR10', 'RU196'),
('SY37', 'PR10', 'RU196'),
('SY38', 'PR10', 'RU196'),
('SY5', 'PR10', 'RU197'),
('SY16', 'PR10', 'RU197'),
('SY40', 'PR10', 'RU197'),
('SY38', 'PR10', 'RU197'),
('SY9', 'PR10', 'RU198'),
('SY16', 'PR10', 'RU198'),
('SY38', 'PR10', 'RU198'),
('SY9', 'PR10', 'RU199'),
('SY37', 'PR10', 'RU199'),
('SY38', 'PR10', 'RU199'),
('SY9', 'PR10', 'RU200'),
('SY16', 'PR10', 'RU200'),
('SY37', 'PR10', 'RU200'),
('SY40', 'PR10', 'RU200'),
('SY9', 'PR10', 'RU201'),
('SY16', 'PR10', 'RU201'),
('SY37', 'PR10', 'RU201'),
('SY14', 'PR11', 'RU202'),
('SY39', 'PR11', 'RU202'),
('SY20', 'PR11', 'RU202'),
('SY23', 'PR11', 'RU202'),
('SY14', 'PR11', 'RU203'),
('SY39', 'PR11', 'RU203'),
('SY20', 'PR11', 'RU203'),
('SY12', 'PR11', 'RU203'),
('SY14', 'PR11', 'RU204'),
('SY39', 'PR11', 'RU204'),
('SY1', 'PR11', 'RU204'),
('SY23', 'PR11', 'RU204'),
('SY14', 'PR11', 'RU205'),
('SY39', 'PR11', 'RU205'),
('SY12', 'PR11', 'RU205'),
('SY21', 'PR11', 'RU205'),
('SY14', 'PR11', 'RU206'),
('SY12', 'PR11', 'RU206'),
('SY20', 'PR11', 'RU206'),
('SY21', 'PR11', 'RU206'),
('SY14', 'PR11', 'RU207'),
('SY12', 'PR11', 'RU207'),
('SY20', 'PR11', 'RU207'),
('SY23', 'PR11', 'RU207'),
('SY12', 'PR11', 'RU208'),
('SY20', 'PR11', 'RU208'),
('SY21', 'PR11', 'RU208'),
('SY39', 'PR11', 'RU209'),
('SY12', 'PR11', 'RU209'),
('SY20', 'PR11', 'RU209'),
('SY39', 'PR11', 'RU210'),
('SY20', 'PR11', 'RU210'),
('SY23', 'PR11', 'RU210'),
('SY1', 'PR11', 'RU211'),
('SY39', 'PR11', 'RU211'),
('SY20', 'PR11', 'RU211'),
('SY21', 'PR11', 'RU211'),
('SY1', 'PR11', 'RU212'),
('SY39', 'PR11', 'RU212'),
('SY20', 'PR11', 'RU212'),
('SY1', 'PR11', 'RU213'),
('SY20', 'PR11', 'RU213'),
('SY21', 'PR11', 'RU213'),
('SY12', 'PR11', 'RU214'),
('SY21', 'PR11', 'RU214'),
('SY23', 'PR11', 'RU214'),
('SY1', 'PR11', 'RU215'),
('SY12', 'PR11', 'RU215'),
('SY20', 'PR11', 'RU215'),
('SY39', 'PR11', 'RU216'),
('SY12', 'PR11', 'RU216'),
('SY21', 'PR11', 'RU216'),
('SY20', 'PR11', 'RU216'),
('SY1', 'PR11', 'RU217'),
('SY20', 'PR11', 'RU217'),
('SY12', 'PR11', 'RU217'),
('SY23', 'PR11', 'RU217'),
('SY1', 'PR11', 'RU218'),
('SY12', 'PR11', 'RU218'),
('SY21', 'PR11', 'RU218'),
('SY23', 'PR11', 'RU218');